song_name,tempo,total_beats,average_beats,chroma_stft_mean,chroma_stft_std,chroma_stft_var,chroma_cq_mean,chroma_cq_std,chroma_cq_var,chroma_cens_mean,chroma_cens_std,chroma_cens_var,melspectrogram_mean,melspectrogram_std,melspectrogram_var,mfcc_mean,mfcc_std,mfcc_var,mfcc_delta_mean,mfcc_delta_std,mfcc_delta_var,rmse_mean,rmse_std,rmse_var,cent_mean,cent_std,cent_var,spec_bw_mean,spec_bw_std,spec_bw_var,contrast_mean,contrast_std,contrast_var,rolloff_mean,rolloff_std,rolloff_var,poly_mean,poly_std,poly_var,tonnetz_mean,tonnetz_std,tonnetz_var,zcr_mean,zcr_std,zcr_var,harm_mean,harm_std,harm_var,perc_mean,perc_std,perc_var,frame_mean,frame_std,frame_var
7 Years.wav,123.046875,34509,627.4363636363636,0.3827301859855652,0.3006088137626648,0.09036565572023393,0.3306344449520111,0.2777882814407349,0.07716632634401321,0.22300710081435,0.18330620916846133,0.0336011663197117,20.14593315124512,116.2472915649414,13513.43359375,5.767489910125732,30.09943771362305,905.9761352539062,-0.008966292254626751,3.1196563243865967,9.732254981994627,0.28748270869255066,0.09190614521503447,0.008446739055216312,2374.855544023702,967.1657727449596,935409.6319693552,2591.858588127156,518.3033153129163,268638.3266643603,21.741804967951264,7.503553467342501,56.303314637267675,5290.143011228957,2021.848044003073,4087869.5130390525,3.3104966184471083,3.9051882795842414,15.250495499002135,0.007289010297023264,0.18805901494312305,0.03536619310137778,0.0929548422987616,0.058419464498862164,0.003412833832333816,1.3381419194047341e-05,0.2352759838104248,0.05535478517413138,0.0002373917232034728,0.13256795704364774,0.017574263736605644,1.9365442176870744,1.2219610063017317,1.493188700921941
Air Forces.wav,172.265625,52141,628.2048192771084,0.3610623776912689,0.3063891530036926,0.09387432038784027,0.443947434425354,0.2612144351005554,0.06823298335075377,0.2544387385476609,0.1363607775704158,0.01859426165960841,8.727291107177733,60.17192077636719,3620.66015625,1.2917108535766602,59.201072692871094,3504.766845703125,6.343100540107116e-05,2.551707029342652,6.511209011077881,0.1807023584842682,0.06485303491353989,0.004205916542559862,1069.0742980131722,641.0446775309014,410938.2785906973,1703.5130030697205,676.9913177149158,458317.24426137796,22.203070684192888,7.277459556051931,52.96141758997158,2155.3286336892897,1940.3449832552624,3764938.6540438635,1.6227289553600943,1.8619378302111869,3.4668124835715424,-0.02130489983009164,0.1095548172678737,0.012002257986597195,0.03488981170181889,0.0194301020098572,0.0003775288641134567,6.656414825556568e-06,0.14919491112232208,0.022259123623371124,-0.0003812761860899627,0.08319595456123352,0.006921566557139157,2.6923537414965986,1.2844953819691012,1.649928386299947
All I Want for Christmas Is You.wav,129.19921875,39440,636.1290322580645,0.35796529054641724,0.2918134927749634,0.08515511453151703,0.493053287267685,0.23218755424022675,0.053911060094833374,0.2653728983906019,0.11362463699878016,0.012910558133104568,10.816679000854492,52.941810607910156,2802.83544921875,7.249241828918457,19.41541290283203,376.958251953125,0.00032036838820204133,2.3666648864746094,5.601102352142334,0.2304829508066177,0.038933318108320236,0.0015158032765612006,3142.5520900633787,717.2091998009862,514389.0362791707,2877.4856393922882,344.97080570034655,119004.85678554625,20.638990579663734,6.558855732638829,43.01858852156924,6620.609966077303,1401.9310858238282,1965410.7693991784,3.0313994286854715,3.261126904056657,10.634948684362156,0.02966785067678005,0.07443933668689301,0.005541214846384614,0.15142312064628485,0.05762027015642994,0.003320095532899971,-8.019245797186159e-06,0.1745547205209732,0.03046935237944126,0.00018625817028805614,0.10368181765079497,0.010749919340014458,2.3080634920634915,1.2570212040754658,1.5801023074953338
All of Me.wav,123.046875,39516,637.3548387096773,0.2383033633232117,0.2936988770961761,0.08625903725624083,0.3157259821891785,0.2929084897041321,0.08579538017511368,0.20397446016284126,0.20427372061675167,0.04172775293461077,10.133821487426758,58.52239608764648,3424.870849609375,-7.02369499206543,38.0412483215332,1447.136474609375,0.0010914042359218,2.488420009613037,6.192233562469482,0.2048894464969635,0.06653865426778792,0.0044273920357227325,1996.2862329544666,650.1264448976574,422664.3943552668,2211.511702419522,481.85066922794863,232180.06743542192,24.88180008986701,7.981013496960615,63.696576438667506,4169.266455682809,1718.7133797226948,2953975.681637808,2.1448113866346232,2.396824925962996,5.7447697257175205,-0.009728335259608948,0.20440105281508614,0.041779790391915636,0.08656523618904799,0.0353469782556886,0.0012494088718081227,-7.545215339632706e-06,0.19028788805007926,0.036209478974342346,-4.278480264474638e-05,0.057852931320667274,0.003346961457282305,2.425324263038548,1.655966600227989,2.7422253810706443
Animals.wav,129.19921875,35792,662.8148148148148,0.40372955799102783,0.2992616295814514,0.08955752104520798,0.3545956015586853,0.2757491171360016,0.07603757083415985,0.21890766250886634,0.18818280640971846,0.035412768628237605,18.77826499938965,150.98231506347656,22795.658203125,5.196385860443115,18.084672927856445,327.055419921875,-0.0003631280560512096,2.0126585960388184,4.050794601440431,0.2790285348892212,0.08719546347856523,0.007603048812597991,3113.156763464029,528.1701858441206,278963.74521461286,2880.2172915595647,273.44978446301144,74774.78462286742,19.171840490542785,7.542791234172889,56.89369960231538,6708.726099917762,902.8450825757848,815129.243131276,3.343760670522576,3.564552858676717,12.706037082300355,-0.014331936453480925,0.12014304790288464,0.014434351959394834,0.11663459329044118,0.054932546579376296,0.0030175846736953463,0.0007974326726980507,0.2553433179855347,0.06520021706819534,0.0011926868464797735,0.08917929977178574,0.007952948100864887,3.8556734693877552,1.98245215824902,3.930116559746197
Attention.wav,99.38401442307692,31363,640.0612244897958,0.36504772305488586,0.3152613341808319,0.0993897020816803,0.4480524063110352,0.2786141633987427,0.07762585580348969,0.2548893686133217,0.13551657869513808,0.01836474310123555,23.17194747924805,184.06056213378903,33878.29296875,0.012856838293373585,38.06369400024414,1448.8447265625,-0.01467016153037548,3.243783712387085,10.522132873535156,0.2759709060192108,0.15463632345199585,0.023912390694022186,2350.125060325363,997.8655828959627,995735.7215282995,2715.103917459897,435.6648110130475,189803.82755503448,20.90971863312938,7.303836230490347,53.34602368182345,5389.259078554323,1968.279317133431,3874123.4702552464,2.8853785844307347,4.012932703673143,16.103628884209446,-0.03226695932798058,0.11991604424588193,0.01437985766758031,0.08535095781733748,0.08262808098475742,0.006827399767223633,5.6561912060715275e-06,0.2225429862737656,0.04952538385987282,0.0006781038828194141,0.162490114569664,0.026403037831187248,2.0758639455782317,1.208963835729008,1.461593556100596
Bad day.wav,69.83741554054055,21533,633.3235294117648,0.3572373092174529,0.2818000614643097,0.07941127568483353,0.4244049787521362,0.26452690362930303,0.06997448951005936,0.24336370333780746,0.15526571170429415,0.024107441231040985,14.439987182617188,52.5778923034668,2764.4345703125,4.5679426193237305,23.35759162902832,545.5770874023439,0.004698782227933407,1.8134626150131223,3.288646697998047,0.26257920265197754,0.05698515102267265,0.003247307613492012,2499.186924380604,489.4193100336404,239531.26103380465,2428.571279235704,286.16277033720945,81889.13112706649,20.62945847967547,6.661144590206878,44.37084725164234,5155.202160531153,1003.8726618822026,1007760.321274459,4.113280080509176,4.4082052430512535,19.432273464864558,0.0026718729440356284,0.14055643312050525,0.019756110891559063,0.13215830894446595,0.03859534775885893,0.0014896008686272571,-5.0573803491715824e-06,0.1983379572629929,0.039337944239377975,7.927942351670936e-05,0.1185734122991562,0.014059653505682944,2.030585034013605,1.0807504581680054,1.1680215528303537
Bliding Lights.wav,143.5546875,45375,648.2142857142858,0.29277485609054565,0.30717146396636963,0.0943543091416359,0.3950009644031525,0.2742404639720917,0.07520782947540282,0.23955078256533466,0.16108617540207815,0.02594875590566909,10.685900688171387,60.80830001831055,3697.6494140625,-2.4656670093536377,47.865013122558594,2291.0595703125,0.009787006303668022,3.696357727050781,13.663061141967773,0.204034760594368,0.06653360277414322,0.004426720552146435,1608.0961310405469,865.8033662881288,749615.4690758553,2182.1980525151225,518.487574148574,268829.364546473,22.974163493003555,7.161272122289245,51.28381840947711,3306.6883382413407,2045.0037793342362,4182040.457491307,1.915405378035552,2.259808443392457,5.106734200827839,0.029251848998447794,0.12895369474173615,0.016629055387544868,0.05912851622968266,0.0564142462420992,0.003182567179064205,-1.5342983772370644e-07,0.1720476597547531,0.029600396752357483,-0.0001807637745514512,0.08565668761730194,0.007337067741900682,2.0329070294784577,1.15098097050349,1.3247571944611558
Bloom .wav,112.34714673913044,34461,650.2075471698113,0.2583061158657074,0.3021986186504364,0.09132400900125504,0.2803555130958557,0.2891024649143219,0.08358023315668106,0.2003641463511877,0.2078161259149376,0.043187542190293166,14.94365406036377,112.60647583007812,12680.21875,-7.0260114669799805,44.23991775512695,1957.1702880859373,0.0018066231859847905,2.0253374576568604,4.101991653442384,0.2380994260311127,0.08280055969953537,0.0068559329956769935,1476.6431449834963,553.3563125482077,306203.20863694977,2010.2652128735601,446.72423062334207,199562.53822601688,25.184805134202342,7.327674309618554,53.694810787843764,3337.3214863402186,1610.3151576364123,2593114.906913585,1.9913104953525709,2.2150719546740647,4.906543764383583,-0.04812684808872415,0.18554410624123646,0.03442661536085924,0.04385763351393189,0.021161886600086333,0.00044782544447491326,5.562542810366722e-06,0.23554909229278564,0.0554833747446537,1.6259544281638227e-05,0.048821847885847085,0.002383572980761528,4.452426303854876,3.2172323929964572,10.350584270545706
BYOB.wav,107.666015625,33808,650.1538461538463,0.4686897397041321,0.27497929334640503,0.07561361789703369,0.6354455947875977,0.1980803906917572,0.03923584148287773,0.27895890997562256,0.07426479568776731,0.005515259878545823,20.783166885375977,77.74007415771484,6043.5185546875,6.771766662597656,23.64793586730957,559.224853515625,0.0037797042168676853,2.0731859207153316,4.2980995178222665,0.320098489522934,0.06414926797151567,0.004115128889679911,2781.9395864350768,496.2843802502591,246298.18608038372,2485.702640417099,314.4633417981198,98887.19333484113,19.02699405260636,7.842342112604759,61.50232981113408,5531.1582205096265,1038.77029032649,1079043.7160649807,5.484479956788676,5.810752503067037,33.764844651899836,-0.0037742513765676843,0.04632771549936657,0.0021462572233902494,0.15751038542472912,0.04496070757059916,0.0020214652252489324,-8.26270661491435e-06,0.18847399950027466,0.035522446036338806,2.7271824365016073e-05,0.17779335379600525,0.03161047771573067,2.203573696145125,1.3983715253750066,1.9554429229796224
Can't Hold Us .wav,143.5546875,43108,624.7536231884058,0.3808254897594452,0.2875043749809265,0.08265876770019531,0.4250027537345886,0.2357829213142395,0.0555935837328434,0.26083068875617416,0.12369593823692485,0.01530068513631313,22.95257568359375,125.58853149414062,15772.4794921875,7.353068351745605,22.843461990356445,521.8237915039061,-0.011045139282941818,2.212888240814209,4.896873950958252,0.3186130225658417,0.05893730372190476,0.003473605960607529,2507.953009107485,640.600755828742,410369.3283683554,2592.3270405306325,378.8854637802597,143554.19466398243,20.4542615622325,7.306171742420187,53.38014552973926,5378.225811937646,1402.080385570013,1965829.4076001563,4.271699376062286,4.5943658993677605,21.108198017273327,0.011848229224367773,0.0969574245361362,0.009400742172680544,0.10042607452109133,0.04453888667548299,0.001983712426291516,-1.8688602722249925e-05,0.2428330034017563,0.058967866003513336,7.137748616514726e-05,0.14233502745628354,0.020259259268641472,1.559219954648526,1.0389801076293252,1.0794796640494444
CAN'T STOP THE FEELING.wav,112.34714673913044,35639,636.4107142857142,0.4690954983234406,0.2800162732601166,0.0784091204404831,0.4845660328865051,0.25419789552688604,0.06461657583713531,0.2572661389889523,0.13094833738177214,0.017147467063050433,17.76209831237793,111.72881317138672,12483.3271484375,6.224617958068848,30.03497695922852,902.099853515625,0.0038632533978670853,3.2122085094451904,10.318284034729004,0.277259886264801,0.08454253524541855,0.0071474406868219376,2650.196914149797,975.2950037127264,951200.3442670072,2655.968184969308,487.68862615505583,237840.1960810059,19.124037237331933,7.7577857843561695,60.183240275958674,5675.307348859568,2048.127040085677,4194824.372330116,3.4711595157865824,4.014490168082803,16.116131309633502,0.017563972772038916,0.07640111800126859,0.005837130831843766,0.1214319943643576,0.06819278576673489,0.004650256030627801,1.022973083308898e-05,0.1949099898338318,0.03798990324139595,0.00028077614842914045,0.1466633677482605,0.02151014283299446,3.3703764172335595,1.7439758859708894,3.0414518908479486
Chandelier.wav,86.1328125,27187,647.3095238095239,0.37128108739852905,0.2879785895347595,0.08293166011571884,0.3568050563335419,0.2474047541618347,0.06120911240577698,0.24157211915071056,0.15803874392808942,0.024976244582368225,31.01738739013672,153.41769409179688,23536.98828125,10.482404708862305,22.080974578857425,487.5694274902344,0.00555861322209239,1.636027693748474,2.676586627960205,0.373932272195816,0.055571943521499634,0.003088240744546056,2438.9997052537337,434.32157533129686,188635.23079825946,2596.361052712417,298.95861751141194,89376.25498433471,20.617905429087656,7.082217040747169,50.1577982122496,5153.127173078318,1136.969333823167,1292699.2660542962,4.8571556282197585,4.972825763444434,24.728996073576717,-0.04680779187586056,0.12424081161798395,0.015435779271495375,0.10455794673955107,0.02867259890115958,0.0008221179277467779,-3.3736346267687627e-06,0.3011864721775055,0.09071329981088637,-2.0567942556226623e-05,0.13339516520500186,0.01779427006840706,1.6695147392290248,0.9284759531733529,0.8620675956211661
Cheap Thrills.wav,184.5703125,57500,646.0674157303372,0.43730488419532776,0.2884882688522339,0.08322548121213913,0.5209268927574158,0.2453261613845825,0.060184922069311135,0.2594970730763865,0.12646976871221768,0.015994602398121838,18.89694023132324,111.31360626220705,12390.71875,7.079362392425537,34.09347152709961,1162.3648681640625,-0.009265882894396782,3.261159658432007,10.635162353515623,0.2866208553314209,0.08102357387542725,0.006564819253981114,2571.1745013686773,931.9733973350212,868574.4133401809,2592.71911596965,734.055489111933,538837.4610953591,21.039494404926657,8.155289132862812,66.50874084059026,5573.499631143575,2172.820803107572,4721150.242417034,3.4686689292961552,4.0092745761996635,16.074282627360986,-0.0059043586712920395,0.06552378105794097,0.004293365884128985,0.11129297782023992,0.05602101067855895,0.003138353637447216,-3.145610389765352e-05,0.21945787966251373,0.04816176369786263,0.001992139266803861,0.1343080848455429,0.0180386621505022,3.2031927437641725,1.5494248773423325,2.400717450527301
Cheerleader.wav,117.45383522727272,35346,620.1052631578948,0.4523290097713471,0.3021925091743469,0.09132030606269836,0.4457364082336426,0.2477606534957885,0.06138534098863601,0.2494799257620123,0.14523463765615333,0.021093099975114143,31.80429458618164,234.21766662597656,54857.9140625,8.033123970031737,35.31807327270508,1247.3662109375,-0.006201248150318861,3.2538459300994886,10.587512969970703,0.35483264923095703,0.10066305845975876,0.010133051313459871,1695.4591047817614,649.739398638909,422161.2861436511,2293.1610908488524,455.36657619069854,207358.71871163926,21.82114972055845,7.922276797785303,62.762469660727355,3784.518782199352,1730.4556550369668,2994476.77404942,3.1696407744872035,3.6795921033920775,13.539398047345333,0.010029341387413512,0.08542578611902253,0.007297564934052985,0.04066490905572755,0.027067035157020768,0.0007326243921913984,2.276264785905369e-05,0.3136297166347504,0.09836359322071077,8.272803097497672e-05,0.12479307502508165,0.015573310665786266,2.577414965986394,1.3417638286574125,1.8003301718933984
Chop Suey!.wav,129.19921875,39131,621.1269841269841,0.4958526194095612,0.27002647519111633,0.07291430234909058,0.4981988966464996,0.2642844021320343,0.0698462501168251,0.2601266145631361,0.12516979559484384,0.015667477729254985,15.277503967285154,71.68138885498047,5138.22119140625,6.539862632751465,19.98504447937012,399.4020385742188,0.003994309343397617,1.5657442808151243,2.4515552520751958,0.2793712317943573,0.042981602251529694,0.001847418141551316,2862.592264267453,397.5989673306355,158084.93882238778,2507.525701657227,214.18025519196456,45873.181714095066,19.938539317684764,7.764484455603148,60.28721886130289,5575.332953391059,839.0579156237982,704018.1857709531,4.446934861485022,4.646580928665759,21.590714326640345,0.017300646791081217,0.10494521360957873,0.011013497859560106,0.1565168162248452,0.034628893100425814,0.0011991602373607186,2.978979409817838e-06,0.19763025641441345,0.03905772045254706,-7.5072304753121e-05,0.12574373185634613,0.015811486169695854,2.8815963718820865,1.6208775787065517,2.6272441251536143
Closer.wav,95.703125,29756,633.1063829787232,0.3422802984714508,0.2908637523651123,0.08460171520709991,0.3453837037086487,0.2981975078582764,0.08892174810171127,0.21575150035845306,0.19179317877966826,0.03678462342640978,15.185503005981445,83.40023803710938,6955.59912109375,3.891538381576538,23.28057098388672,541.9849853515625,0.006970721296966076,2.712373971939087,7.3569722175598145,0.25608229637146,0.07119804620742798,0.005069162230938673,3040.8688379674822,965.2177794080924,931645.3616854886,2929.0829748825035,295.93638885100626,87578.34624617397,20.57292321231041,6.590442548764117,43.433932988560464,6637.776528940112,1405.2256443151086,1974659.1114408108,3.1228951027696654,3.4858060208263897,12.150843614829506,-0.042271874577732994,0.18375875774530867,0.033767281048099035,0.12986429409345976,0.0719079761153964,0.005170757029012421,4.1806037188507617e-05,0.20954112708568573,0.04390748590230942,0.00034550103009678423,0.11221086978912354,0.012591279111802578,3.130049886621317,1.882400922586476,3.5434332333544147
Dakiti.wav,107.666015625,32708,617.1320754716983,0.4294849932193756,0.3060297966003418,0.09365423768758774,0.6627969741821289,0.21664974093437195,0.04693710803985597,0.2718558837644771,0.09709640465006128,0.00942771179596844,31.53242301940918,338.7796936035156,114771.6875,6.057170391082764,36.28516006469727,1316.61279296875,0.008753458969295025,3.356545209884644,11.266396522521973,0.3200044929981232,0.1791354864835739,0.03208952397108078,1959.975247893207,801.4519693851356,642325.2592313124,2524.212086854833,505.8369473328292,255871.01728699545,22.58137260795643,8.386083846722425,70.32640228425879,4674.988397651413,2146.7798751905684,4608663.832523232,2.890097580145964,3.5281518380738603,12.44785539250396,0.014237586050454628,0.04307338898862698,0.0018553168389655718,0.0648393660506966,0.04384493302254028,0.0019223781517510433,-7.2922448453027755e-06,0.19787470996379847,0.039154402911663055,-0.0006900185253471137,0.2415790557861328,0.05836043879389762,2.4961451247165534,1.3799668081762255,1.9043083916680807
Dance Monkey.wav,99.38401442307692,20857,534.7948717948718,0.31787779927253723,0.30261608958244324,0.0915764942765236,0.5120260715484619,0.2717732787132263,0.07386071234941483,0.2540715936909235,0.13704363762206406,0.018780958612687613,15.764015197753904,91.79119110107422,8425.6220703125,6.5116329193115225,35.81438064575195,1282.669921875,-0.003694042330607772,2.975453615188598,8.853324890136719,0.2549543380737305,0.07047906517982483,0.004967298824340105,1920.692042695936,738.7709243701904,545782.4786947856,2412.2053566099303,544.7532101891087,296756.0600113391,21.714552454193505,7.1788791700602665,51.53630613832519,4168.166462334317,1868.0064085623185,3489447.942429892,2.8921679131548297,3.324223058098763,11.050458939995492,-0.012628261985934813,0.12940019949021814,0.01674441162810826,0.07095799874226008,0.04101252960921637,0.0016820275849468483,-1.647348085498379e-06,0.19347789883613584,0.037433698773384094,-9.432787919649853e-05,0.11072403192520144,0.012259811162948608,2.426485260770975,1.3203050795391396,1.7432055030568538
Don't Let Me Down.wav,161.4990234375,38172,561.3529411764706,0.44913411140441895,0.28519126772880554,0.08133405447006226,0.3981883525848389,0.29332584142684937,0.08604005724191666,0.2252695248289189,0.1805186265089739,0.032586974516686414,29.73297500610352,263.2919921875,69322.6796875,8.391189575195312,23.519079208374023,553.1470947265625,-0.012797507457435131,2.1759183406829834,4.734620571136475,0.34037891030311584,0.13161540031433105,0.017322614789009094,2538.863419447468,577.6288393132619,333655.0760063861,2548.394737292947,336.68557180242755,113357.1742599276,21.11628136662389,7.9896339133874275,63.83425006995049,5396.07570400179,1189.6813067942733,1415341.6117357297,3.720985499185967,4.072610518022359,16.586156431506353,-0.022202157979835498,0.17174751111654582,0.029497207574728037,0.0914646774622678,0.060820189390704764,0.0036990954375211963,-0.00018074005492962897,0.3077864348888397,0.09473249316215517,-0.002310725627467036,0.13248568773269653,0.017552457749843597,2.2941315192743765,1.3984428535011209,1.9556424145083584
Don't Start Now.wav,123.046875,34810,610.7017543859649,0.4112221598625183,0.3082554042339325,0.09502138942480087,0.4615232348442078,0.2883225083351135,0.0831298679113388,0.2424012403525944,0.15676406478800273,0.02457497200885712,18.15132141113281,166.9459228515625,27870.943359375,4.7550883293151855,28.35016250610352,803.7317504882812,-0.008125627413392067,3.3633518218994136,11.312134742736815,0.25881657004356384,0.12360192090272905,0.015277434140443804,2610.099432577077,907.515577049528,823584.522587538,2672.105864976604,496.4695989934014,246482.0627246688,20.8124741889354,7.829063398698,61.2942337008327,5703.623844300261,1925.2785621128708,3706697.541731403,2.872025851594547,3.5260380566381877,12.432944376860812,0.014228413532672162,0.1474509091313586,0.021741770603664168,0.10930054844717492,0.06331382647832783,0.004008640623327805,2.49816707764694e-07,0.20590762794017792,0.04239794984459877,0.00034871994284912944,0.1405453234910965,0.01975298672914505,2.1780317460317464,1.2297942121793926,1.5123938043099323
Drankin N Smokin.wav,151.9990808823529,35344,552.25,0.5039745569229126,0.2968297600746155,0.08810789883136749,0.324870228767395,0.2627539038658142,0.06903961300849915,0.21992376247633685,0.18699431015831766,0.034966872031585106,22.79275321960449,196.7923126220703,38727.21484375,6.8154072761535645,40.02625274658203,1602.1009521484375,0.000989498570561409,3.9297971725463854,15.443305015563965,0.2926161885261536,0.12455806881189345,0.015514711849391459,2426.349240502727,1198.3582014666638,1436062.3790224176,2536.6881046077697,795.5201576218767,632852.3211827357,21.353112527649643,7.683095822638393,59.029961419843524,5250.784915888642,2525.5161102042043,6378231.622900972,2.6641200055432064,3.387259916626697,11.473529742785887,0.002797680612353393,0.16256554587878366,0.026427556706866917,0.08280864514802631,0.07058543176804337,0.0049823031778811104,-3.4064774808939546e-05,0.26164886355400085,0.0684601217508316,-0.00032281878520734614,0.13814443349838254,0.01908388361334801,2.0247800453514744,1.0823986280241824,1.1715867899486323
Dreams.wav,123.046875,37118,629.1186440677966,0.4630888998508453,0.27233588695526123,0.07416683435440062,0.5056213140487671,0.2572491466999054,0.0661771222949028,0.2517132109448221,0.1413286693108684,0.0199737927691808,7.488831520080566,47.99005126953125,2303.045166015625,5.2030558586120605,35.111968994140625,1232.8504638671875,0.0007363056647591293,3.356024265289306,11.262899398803713,0.17228025197982788,0.06758716702461243,0.004568025004118681,2344.7574702930788,870.9851634630403,758615.1549727394,2552.2983609150383,495.30600091423065,245328.0345416477,21.126486162545095,8.116894984734884,65.88398419321427,5215.47679605868,1718.252917516828,2952393.088555092,2.1046435796829117,2.567679294370832,6.592976958740692,0.022781510507620364,0.08730348813628735,0.007621899040762868,0.09785466149864552,0.06359530888305227,0.004044363311930828,3.5805060178972776e-06,0.12232733517885208,0.014963976107537746,-7.826625369489193e-05,0.09271018207073213,0.0085951779037714,3.592126984126984,1.861830638987798,3.4664133282737124
Everybody.wav,151.9990808823529,47545,642.5,0.4112805128097534,0.32139137387275696,0.10329242050647736,0.42679429054260254,0.2553023993968964,0.06517931818962097,0.2572943915740845,0.13089281644863093,0.017132929397854987,19.775026321411133,133.42829895019528,17803.109375,6.060710906982423,36.678794860839844,1345.3338623046875,0.004205930046737194,3.776624917984009,14.262895584106445,0.2775574326515198,0.09182750433683397,0.008432290516793728,2146.8868230982557,1042.8220660841982,1087477.8615121164,2651.1411093519314,609.7160909226565,371753.7115300049,20.267360135928485,7.631416422771653,58.23851661774887,5054.1944379777005,2376.344374575531,5647012.58657677,2.489771140630745,2.9697171839716514,8.819220152776511,0.037341397268403284,0.10526394636819494,0.011080498405006222,0.061492825440208974,0.055961729086574895,0.0031317151223592024,3.0161016184138127e-05,0.2221830040216446,0.04936528950929642,0.0005720017943531276,0.14090335369110107,0.019853755831718445,2.1733877551020404,1.3599917724664226,1.8495776211763613
Faded.wav,89.10290948275862,27479,624.5227272727273,0.35287851095199585,0.2961617112159729,0.08771175891160965,0.40210196375846863,0.2561089992523193,0.06559181958436966,0.23557573185354305,0.16684546111597082,0.027837407895000933,22.40274810791016,141.58676147460938,20046.8125,8.751587867736816,18.755016326904297,351.7506103515625,-0.007233666256070138,1.7724096775054932,3.1414358615875244,0.31756100058555603,0.055805854499340064,0.003114293329417705,2907.3756675767745,646.5479657837898,418024.2720591565,2840.5662915408916,335.4231179620271,112508.66806336796,21.35205544426784,7.702958636977569,59.33557176298733,6369.928148582624,1341.999329620244,1800962.2007011843,3.6796116220368167,3.805555416400338,14.482252027293955,0.001791929992440248,0.10066362100379524,0.010133164593595728,0.1165457805243808,0.05295420678240012,0.002804148015953191,2.666081854840741e-05,0.2829030156135559,0.08003412187099458,0.00011962787539232522,0.08305951952934265,0.006898883264511825,1.953959183673469,1.153362868889427,1.33024590733285
Faint .wav,135.99917763157896,42682,637.044776119403,0.4415349364280701,0.2863175570964813,0.08197774738073349,0.5805078148841858,0.2273029536008835,0.05166663229465485,0.27417142161057995,0.09035134146965916,0.00816336490536695,21.72287368774414,106.22834014892578,11284.4599609375,6.429347515106201,24.267261505126953,588.9000244140625,-0.01266721822321415,1.8823591470718384,3.543275833129884,0.3267441689968109,0.07325584441423416,0.005366418976336718,2757.4837850694153,456.72980998062417,208602.11932493708,2468.7852219535753,249.16191865882664,62081.66170974777,18.709865136583023,7.507275374080206,56.35918354227109,5397.57569493155,931.3669491590897,867444.39398591,5.601064873877792,5.896490089128598,34.768595371191765,-0.007430894902315934,0.07000661791120302,0.004900926551365171,0.15652966573142416,0.04226450192332151,0.0017862881228264476,1.3408580343821084e-05,0.2071503549814224,0.04291127249598503,-0.00011062723206123334,0.1760592758655548,0.03099686652421952,2.496145124716553,1.6986710138429368,2.8854832132701915
Feel Good Inc..wav,135.99917763157896,42859,630.2794117647059,0.4687755703926086,0.2889229953289032,0.08347649872303009,0.6223616600036621,0.22861671447753906,0.05226559937000275,0.2724629777786948,0.09537955270025028,0.009097259073299821,13.064292907714846,124.39644622802734,15474.4765625,2.504049777984619,28.34954643249512,803.69677734375,0.005258551333099604,3.632399320602417,13.19432544708252,0.22190478444099426,0.10450630635023116,0.010921567678451538,2601.3702775227302,807.4501940735132,651975.8159093544,2444.296023444566,462.81521369586267,214197.92202834703,19.857761859663135,7.217480529014863,52.09202518670867,5258.184871142124,1517.9504530904928,2304173.5780376317,2.830045468424323,3.3904893638994213,11.495418126715105,-0.007384518937762432,0.049320247493935335,0.0024324868128630358,0.12682085066756965,0.06718004166715492,0.0045131579984006714,2.056430457741953e-05,0.13268554210662842,0.017605451866984367,-0.00025439751334488386,0.16688112914562225,0.027849309146404263,2.174548752834468,1.2506758821722004,1.5641901622472116
Forever After All.wav,151.9990808823529,47527,633.6933333333334,0.3876111507415772,0.2733219563961029,0.07470489293336867,0.3960277140140533,0.2549834251403809,0.06501654535531998,0.2462202987912423,0.15069471721491998,0.0227088977964847,18.557207107543945,82.7055435180664,6840.20751953125,6.5852580070495605,25.86212539672852,668.8494873046875,-0.0005032210610806941,2.0460896492004395,4.1864824295043945,0.2896759510040283,0.052448537200689316,0.0027508491184562445,2287.000951855519,596.4116186855036,355706.8189030625,2381.968496744189,401.6266721625382,161303.9837923549,20.594347212325363,6.803404791657772,46.28631675915194,4634.705307904413,1378.8244238297095,1901156.7917493302,4.2850199596737815,4.507306829106486,20.31581485170997,0.05600462549321287,0.1323108991897401,0.01750617404439757,0.10825822670762383,0.03624903329997616,0.00131399241518278,-4.954120868205791e-06,0.21456165611743927,0.04603670537471771,-0.0002183467295253649,0.12645097076892853,0.015989847481250763,1.99459410430839,1.1386990947955171,1.2966356284881295
Given Up.wav,99.38401442307692,31381,653.7708333333334,0.5049606561660767,0.2690037488937378,0.07236301153898239,0.541387140750885,0.2346193045377732,0.05504621937870978,0.27537008937528,0.08662936690743883,0.007504647210783656,17.077028274536133,77.63709259033203,6027.5185546875,7.726113319396973,21.427928924560547,459.1561584472656,-0.00770164281129837,1.5738494396209717,2.477002143859864,0.28883638978004456,0.05150893330574036,0.0026531703770160675,2907.935755544954,445.99794971924933,198914.171153774,2603.904621926099,295.75826098070127,87472.94893832863,17.86610424353684,7.351668540008367,54.04703032214877,5867.997850353135,928.326915558334,861790.8621500501,4.856928597313443,5.0677943616496135,25.68253969196763,-7.776566668970764e-05,0.07640093413154173,0.005837102736172177,0.15470541372387772,0.03919801746387308,0.0015364845730980988,-8.565913958591409e-06,0.19108927249908447,0.036515109241008765,-4.3356907553970814e-05,0.13605424761772156,0.018510757014155388,2.7399546485260773,1.7128553319372557,2.9338733881458863
GoodVibes.wav,92.28515625,29399,639.1086956521739,0.4039272665977478,0.28152433037757874,0.07925594598054886,0.5000900626182556,0.24851180613040924,0.06175811961293221,0.2637717110795912,0.11729372433117635,0.013757817767477993,18.671072006225586,91.74050903320312,8416.3203125,5.455000877380371,22.55318832397461,508.6463317871094,-0.0005365460528992116,1.979990601539612,3.920362949371338,0.2979918718338013,0.07085391879081726,0.005020277574658394,2769.306520957785,580.3108842079648,336760.72233022994,2565.0296198180904,284.97247352490706,81209.31066690388,20.53474008212756,7.5384703170497565,56.82853472104024,5688.315603533763,1124.5311110160949,1264570.2196430932,4.564159202460008,4.919470199443987,24.201187043217463,0.04156032207667591,0.08476978414738351,0.007185916304393992,0.14565142463235295,0.04998250734161122,0.0024982510401542197,-1.4132819160295185e-05,0.2121059447526932,0.04498893395066261,0.00016728922491893172,0.1446402072906494,0.02092079073190689,1.9377052154195007,1.1122933913024509,1.2371965883351073
goosebumps.wav,129.19921875,37969,612.4032258064517,0.3926132619380951,0.3000428676605225,0.09002572298049928,0.491055279970169,0.27606162428855896,0.07621001452207565,0.2561175512103902,0.13318082930860006,0.017737133295326456,30.71330261230469,228.0659027099609,52014.0546875,4.985076904296875,27.55916976928711,759.5078125,0.002352565992623568,3.5029146671295166,12.270410537719727,0.35595017671585083,0.11598154157400133,0.013451717793941498,2557.9030232281625,1019.6149562467,1039614.65900196,2699.8329549889754,444.35460840036535,197451.01800664206,21.414705417249152,7.805902856430436,60.93211940402885,5720.70707433364,1883.6050819375384,3547968.10470092,3.958806539086871,4.57800573269448,20.958136488583527,0.025414117166381173,0.09802158012040986,0.009608230169301929,0.10098427220394736,0.07565123894242774,0.0057231099535242965,3.5484099498717114e-05,0.2703049778938293,0.07306478172540665,0.0001818105665734037,0.183759480714798,0.03376754745841026,2.1188208616780044,1.2853849428813129,1.6522144513859964
Gucci Flip Flops.wav,161.4990234375,48900,635.0649350649352,0.5122900605201721,0.2735404372215271,0.07482437044382095,0.4957050085067749,0.2675039768218994,0.07155837118625641,0.2466454082835481,0.14999791967215825,0.022499375905975227,20.5518798828125,149.15805053710938,22248.123046875,6.60914945602417,40.68015670776367,1654.875244140625,0.000613854848779738,4.858044624328613,23.6005973815918,0.28682756423950195,0.08725079149007797,0.007612700574100018,2238.608465614875,1228.6003572069976,1509458.8377291618,2586.016493783743,660.0985511773073,435730.0972663797,20.899174871242746,7.96713254780958,63.475201034366776,4952.720051579431,2562.242549843564,6565086.884228848,2.566700548681531,3.0992356749908923,9.60526176913625,0.013663127183460156,0.07980982287015383,0.0063696078265653286,0.0625736956994969,0.08487871122450892,0.007204395619133578,5.234477430349216e-05,0.2350800335407257,0.055262625217437744,0.00010106763511430472,0.13476380705833435,0.018161281943321228,1.719437641723356,0.9937889669835528,0.9876165108982372
Havana.wav,103.359375,32992,634.4615384615385,0.44955554604530334,0.2730417847633362,0.07455182075500487,0.3205863535404205,0.26940563321113586,0.07257939875125885,0.21850825293544265,0.18864643312937024,0.03558747673243396,27.64411163330078,157.6389923095703,24850.052734375,9.126996994018556,30.838157653808594,950.9920043945312,-0.002591121243312955,3.0120136737823486,9.072226524353027,0.3383025527000427,0.08324074000120163,0.006929020397365093,1931.602029077131,704.4648222611471,496270.68580342963,2422.045577579436,471.9663011315917,222752.1894038362,21.05476940106913,7.112809433503357,50.59205803733438,4333.42379637916,1719.609689077732,2957057.4827700136,3.86001503392562,4.222726644674306,17.831420315642315,0.006581582307336947,0.17038006507130266,0.02902936657370133,0.06681252116389319,0.04324475187616498,0.001870108564831076,-1.1497058949316852e-05,0.2837569415569305,0.08051800727844237,-0.0008080601692199707,0.11560314893722536,0.013364088721573351,2.4497052154195016,1.4053061088378296,1.9748852595369213
Hawai - Remix.wav,184.5703125,56187,638.4886363636364,0.3700706660747528,0.3112897574901581,0.0969013124704361,0.5401427149772644,0.2469782829284668,0.06099827587604523,0.2702157521153541,0.1015715542958107,0.010316780642066823,26.88895606994629,204.02798461914062,41627.41796875,2.49261474609375,31.1784782409668,972.0974731445312,-0.009750043042004108,4.221776485443115,17.823394775390625,0.32036346197128296,0.1300293505191803,0.01690763235092163,2509.9064809235497,775.9846241750968,602152.136956166,2741.390591622296,381.72841040253485,145716.57930844612,21.390114702986246,8.091966048273365,65.47991452640885,5865.731197392607,1623.0410187437378,2634262.14852471,3.4310648002810686,4.493992330257416,20.19596706441248,-0.01768285222548812,0.07756556404460084,0.006016416725557075,0.07991372690112229,0.05148218784244162,0.0026504156650444433,-2.4247879991889928e-05,0.23451104760169986,0.05499542877078056,0.00035559781827032566,0.19920681416988373,0.039683353155851364,2.2418866213151927,1.2051240349412466,1.452323939593071
Heathens.wav,89.10290948275862,17345,495.57142857142856,0.41762053966522217,0.29654496908187866,0.08793892711400986,0.4410780966281891,0.28688502311706543,0.0823030173778534,0.23927320039251504,0.1614982009412386,0.026081668907256682,7.540302276611327,72.53585815429688,5261.451171875,0.7554347515106201,36.79005813598633,1353.50830078125,-0.010054834187030792,3.1769008636474614,10.09269905090332,0.1620526909828186,0.08761804550886154,0.007676921784877776,2545.893285712371,1041.1679596252748,1084030.7201502577,2515.544472628875,539.5663007773762,291131.79293458204,21.072304108298045,7.5919521679451565,57.63773772036715,5260.593189912684,2033.8162404477305,4136408.4999089404,1.9180126162171176,2.388612866157563,5.7054714243734495,0.04167168922660562,0.13671205260532154,0.018690185327560203,0.11794184162151702,0.08705613004053178,0.0075787697776339815,-2.6291845642845142e-06,0.13494789600372314,0.01821093447506428,-3.379699046490714e-05,0.08896506577730179,0.00791478343307972,3.0243990929705213,1.6246648173510545,2.6395357687383347
Hell N Back.wav,103.359375,32145,642.9,0.3701541125774384,0.3024130463600159,0.09145364165306093,0.4971154034137726,0.2511906921863556,0.06309676915407181,0.2679724166791433,0.1073504412309185,0.011524117232472885,18.59531784057617,115.9348602294922,13440.8916015625,5.515243053436278,36.85140609741211,1358.0260009765625,-0.009594060480594637,4.017364978790283,16.13922119140625,0.2735597491264343,0.09785255789756776,0.009575122967362404,1700.3940503608844,513.1334022884331,263305.88854410296,1977.8360573416207,411.9460480117928,169699.5464725343,20.818559848530413,7.549288779316334,56.9917610735115,3532.678638375581,1292.6917524316295,1671051.9668047575,3.4058382254459705,4.110133356986811,16.89319621221567,-0.013975529055794043,0.07740095476935734,0.0059909077992081,0.0706813564241486,0.02897806208686772,0.0008397280823103602,-0.00012014713865937664,0.2147970348596573,0.046137768775224686,-0.0002677707525435835,0.13447269797325134,0.01808290742337704,3.5410430839002265,1.9219264608861861,3.6938013210545
Hello.wav,161.4990234375,48210,626.1038961038961,0.31912195682525635,0.2981771230697632,0.08890959620475769,0.4268158972263336,0.2599600851535797,0.0675792396068573,0.24743197375534706,0.14869684494590527,0.02211075169686659,20.975378036499023,105.25575256347656,11078.7734375,7.118825435638428,26.88507652282715,722.807373046875,0.0009771313052624462,1.7346862554550169,3.009136199951172,0.3018999695777893,0.06622860580682755,0.004386228509247303,2033.3552132523605,474.07199173880616,224744.2533511987,2385.2836982494005,365.8700288043577,133860.8779773015,21.260341430128232,7.997985963834464,63.96777947769308,4462.973013012771,1414.708175245983,2001399.2211078191,3.8857745936835983,4.108174583418701,16.87709840784742,-0.019571045675270515,0.12024784978896655,0.014459545378869863,0.09193179481907894,0.030109633578193424,0.0009065900342130732,-9.58608438850206e-07,0.24161535501480105,0.058377981185913086,-7.080809155013412e-05,0.11254936456680298,0.012667358852922916,2.491501133786848,1.5861812586910549,2.51597098542274
Hit Different.wav,117.45383522727272,35931,619.5,0.4082860052585602,0.30505022406578064,0.09305563569068907,0.4119702279567719,0.2682034373283386,0.0719330906867981,0.24019954451239064,0.1601171825550693,0.02563751214937339,20.262779235839844,232.3021240234375,53964.2734375,-1.5367145538330078,34.32932281494141,1178.5023193359375,-0.002074095420539379,3.1521070003509517,9.935778617858887,0.25382739305496216,0.15692152082920074,0.024624364450573918,2417.5738808004003,875.8319682231572,767081.6365616494,2705.651299368702,482.4888041401245,232795.4461205675,21.947863261157107,7.333551215255921,53.7809734267816,5466.883609169408,2080.116769759767,4326885.7758358065,2.4604542671171594,3.0867432789731066,9.527984070285648,0.027008590756691292,0.12150673961905688,0.014763887772853288,0.08915365591137771,0.06661038247360951,0.004436943053280545,2.6109051759704016e-05,0.2518727779388428,0.06343989819288254,0.0001976810162886977,0.11705011129379272,0.013700729236006737,2.540263038548753,1.4612603602038774,2.1352818403031657
HOLIDAY.wav,151.9990808823529,46334,626.1351351351351,0.4412221312522888,0.3020012080669403,0.09120472520589827,0.5462819337844849,0.2458766847848892,0.060455340892076485,0.26428096908193865,0.11614173545476547,0.013488902714444726,21.944055557250977,195.2958221435547,38140.45703125,7.276146411895753,34.739456176757805,1206.8297119140625,-0.001157440827228129,3.609464883804321,13.028236389160154,0.28672921657562256,0.11116091907024384,0.012356750667095184,2384.076003852815,963.0951457399857,927552.259747924,2882.9959648597387,484.7130104854592,234946.7025338769,21.50891814617156,7.832638032536925,61.350218548743925,5852.431277815403,2122.3023073497657,4504167.08378214,2.5424464198829617,2.930150518726714,8.585782062394431,0.012680835437947707,0.05658848619246416,0.0032022567695547074,0.06991303151606038,0.05710014792763896,0.0032604268933582514,1.679190063441638e-05,0.2280264794826508,0.051996074616909034,-0.00031471843249164516,0.14996090531349182,0.02248827181756496,1.8181224489795917,1.0729805119311653,1.1512871789840653
Honey Bee.wav,103.359375,32825,643.6274509803923,0.4185595810413361,0.28647008538246155,0.08206511288881302,0.4690872430801392,0.2491072565317154,0.062054421752691276,0.2641826759092864,0.1163651454806906,0.013540847082742285,12.733108520507812,57.72401809692383,3332.062255859375,4.957700729370117,29.201276779174805,852.7145385742188,-0.007836212404072285,2.332420110702514,5.440183162689209,0.2396445721387863,0.05560990050435066,0.003092461032792927,2201.3818306114317,586.8237793422585,344362.1480015317,2258.678504197473,369.483449442135,136518.01941165872,20.830142644096718,7.938726616641955,63.02338029377943,4499.339459776509,1230.0952336490054,1513134.2838460018,3.5264428639673917,3.913795041811313,15.317791629306814,-0.0043148051362844695,0.10428608144450732,0.010875586783050407,0.10598424196981424,0.04023918609399813,0.0016191920975074125,5.5503355724795264e-06,0.17793594300746918,0.031661201268434525,7.233413634821773e-05,0.11042487621307373,0.012193653732538223,3.027882086167801,1.802568534089016,3.2492533200878237
Hotel California.wav,143.5546875,46492,636.8767123287671,0.3857906460762024,0.28879213333129883,0.0834008976817131,0.42712786793708796,0.2666906416416168,0.07112390547990799,0.2490865059303111,0.1459083475910903,0.021289245896762427,4.797811508178711,29.42940902709961,866.090087890625,0.2339571267366409,33.57721328735352,1127.42919921875,-0.0008881136309355498,2.4242806434631348,5.877137184143066,0.146968811750412,0.04428364709019661,0.001961041241884232,2170.4931494506823,458.41919600100533,210148.1592622081,2063.817219220688,391.97661099078766,153645.66356382327,22.307111191778755,7.4474334799440935,55.46426543819218,4180.94971836905,1014.5302939982512,1029271.7174401778,2.048526965317241,2.287338149519057,5.231915810245263,-0.014756485457119519,0.1267813071958837,0.016073499854297034,0.12019768587945047,0.03745415773305096,0.0014028139314922613,-4.121623533137608e-06,0.11257142573595047,0.01267232559621334,-2.848528492904734e-05,0.06967899948358536,0.004855163395404816,2.064253968253969,1.1065447400524075,1.2244412617376503
I Don't Care.wav,135.99917763157896,42120,628.6567164179105,0.3663531839847565,0.31174516677856445,0.09718504548072816,0.4652380645275116,0.2506444454193115,0.06282263249158859,0.251885964997065,0.14102054449912846,0.01988679397083066,16.64035987854004,135.15634155273438,18267.23828125,1.2545582056045532,26.64575958251953,709.9965209960938,-0.001743938773870468,3.5261042118072514,12.433411598205565,0.2525364458560944,0.11001323163509368,0.012102910317480564,2951.3150555472607,816.5101904191762,666688.891058359,2882.2857909942463,351.6055303901651,123626.44900094927,20.610666967779537,7.352004852563603,54.05197535211878,6525.227209510449,1485.4604568921177,2206592.768990138,2.81422028398992,3.49298458759668,12.200941329187946,-0.023467559842285952,0.07530411170294928,0.005670709239370264,0.11764857053018575,0.06854138511224102,0.004697921473104536,0.000186325196409598,0.1590874046087265,0.025308802723884586,-0.00021305536211002618,0.18462920188903809,0.03408794477581978,2.104888888888889,1.1120703913623171,1.236700555344738
I Got You.wav,99.38401442307692,25273,574.3863636363636,0.38739150762557983,0.29146072268486023,0.08494934439659119,0.40845659375190735,0.2517717480659485,0.06338901817798615,0.2543073281537833,0.1366056960035609,0.01866111618061729,21.1275577545166,169.59756469726562,28763.33203125,4.917885780334473,20.936506271362305,438.3373107910156,-0.012612693943083286,2.1526639461517334,4.633962154388428,0.2959460020065308,0.10243136435747148,0.010492184199392796,3517.168364217829,842.2412681101841,709370.3537078511,3230.1628612093928,296.31875186539594,87804.80270706609,20.809615455919896,6.846783656310247,46.87844643631714,7748.961476423423,1215.200121877667,1476711.3362114963,3.3166546478406818,3.777024701099748,14.265915592717636,0.024440464446028244,0.12056098771530675,0.014534951758890344,0.15197111430921054,0.07152829961813659,0.00511629764626192,-5.549111961045128e-07,0.2470147758722305,0.061016302555799484,7.923287921585143e-05,0.11403719335794447,0.013004480861127377,2.3498594104308386,1.298877855507178,1.6870836835269258
I Like it.wav,135.99917763157896,41728,641.9692307692308,0.41585153341293335,0.3031042218208313,0.09187217056751253,0.4868961572647095,0.2785005271434784,0.07756254822015762,0.2522854732605325,0.14030457339318078,0.01968537331504245,22.28782081604004,204.14822387695312,41676.5,5.380861759185791,30.00739479064941,900.4437255859375,0.001541483448818326,4.004197597503662,16.033597946166992,0.2975434958934784,0.11589149385690688,0.01343083754181862,2441.387923452713,740.0514203116823,547676.1047053381,2399.759463177573,448.10662301351135,200799.5455885733,21.012440871350808,7.9497404851427005,63.198373781116885,5051.119456571691,1595.4870900913406,2545579.054648136,3.5828334090276366,4.214535018195408,17.762305419595382,0.004014401800284368,0.1099335878286558,0.012085393732880777,0.10228169444175696,0.04943681795332292,0.002443998969349991,3.859866410493851e-05,0.22269852459430686,0.04959462955594063,-0.0004141345270909368,0.1634395271539688,0.026712479069828987,2.1559727891156464,1.3509000636491917,1.8249309819673896
I like me better.wav,92.28515625,22204,555.1,0.3654848635196686,0.3098922669887543,0.09603322297334672,0.4043753147125244,0.29326167702674866,0.0860024094581604,0.2332471342258733,0.1700855893623878,0.028929107708750807,15.261496543884276,151.3170928955078,22896.861328125,1.9708242416381845,38.59066390991211,1489.2393798828125,-0.019341794773936268,3.7957301139831534,14.407567024230955,0.2237939089536667,0.13135384023189545,0.017253832891583443,2270.594587262275,1184.689057840494,1403488.163766997,2396.991934695665,616.6601084743819,380269.6893836364,21.88220486809118,9.083638110153693,82.51248131623655,4808.945920961929,2327.128324663492,5415526.23945111,2.3747201787446546,3.266112148602904,10.667488567251477,-0.003243242045106359,0.16175004184369415,0.0261630760364368,0.09386791311919504,0.08730740584142259,0.00762258311475887,1.8037739209830758e-05,0.1829451620578766,0.03346893191337585,0.00011743566574295984,0.1414305567741394,0.02000260166823864,2.031746031746032,1.1355365032123697,1.289443150127776
I want it that way.wav,99.38401442307692,31059,633.8571428571429,0.3455597162246704,0.2911868691444397,0.08478979021310806,0.4284258484840393,0.26690244674682617,0.07123692333698273,0.2467075163550329,0.14989574612798226,0.022468734707264505,7.861564636230469,35.30255508422852,1246.270263671875,1.910541534423828,24.60043525695801,605.1814575195312,-0.007224004250019789,2.733128786087036,7.469992637634277,0.18632012605667114,0.06149133667349816,0.003781184321269393,2814.8978425811133,664.4414060121011,441482.3820233378,2722.539323069925,316.08185716914915,99907.74043149843,20.78622491268337,6.9873558505751125,48.82314178256628,6147.0544962691065,1201.258659015676,1443022.36586014,2.6354034774268977,3.0692392765059036,9.420229736446485,-0.02042589876076024,0.1327936656836691,0.017634157645706073,0.13484423374613005,0.05866904526048289,0.00344205687177659,-2.0584409412549576e-06,0.14081965386867526,0.01983017474412918,8.152503141900522e-05,0.0934823527932167,0.008738950826227665,2.252335600907029,1.4237449204368644,2.0270495984697736
IDGAF.wav,95.703125,30404,633.4166666666666,0.4480292201042175,0.3060147166252136,0.09364501386880876,0.3969586193561554,0.2668705880641937,0.07121990621089935,0.2468293228312481,0.14969508583784846,0.022408618724000826,20.010154724121094,131.05841064453122,17176.30859375,5.3908467292785645,36.88362503051758,1360.4017333984375,-0.006147861015051603,3.6701080799102783,13.469694137573242,0.278443455696106,0.1132666915655136,0.012829343788325788,2518.034396426285,962.021083892166,925484.5658530578,2738.311978681317,532.8590556704753,283938.7732100307,20.5882707529246,7.898717985202436,62.38974580976043,5772.290095751499,2096.250072368673,4394264.365905669,3.0736785262918978,3.9250547421080935,15.406054728545227,0.03764190170385863,0.13161864815116228,0.017323468541139454,0.09007730867840558,0.0793359361932465,0.00629419077165888,-9.02003375813365e-06,0.22267486155033112,0.049584094434976585,0.00031715582008473575,0.13771505653858185,0.01896543800830841,2.4125532879818588,1.4223601136356128,2.0231082928615134
In The End.wav,103.359375,32956,633.7692307692307,0.4469864368438721,0.27394992113113403,0.07504856586456299,0.544398307800293,0.2397094517946244,0.05746062472462653,0.26686833249700426,0.11006646375532242,0.012114626443601704,14.50743579864502,65.08634185791016,4236.23193359375,7.7309327125549325,22.9860782623291,528.3598022460939,-0.003517334815114737,1.987078070640564,3.948479175567627,0.2638707458972931,0.046469949185848236,0.002159456023946405,2541.193678722835,566.6348492351352,321075.0523677245,2445.451014115828,327.6211068971038,107335.58968448355,19.38092417967945,7.473089076761607,55.847060349213656,5123.6856844403055,1224.8062248255294,1500150.2883713653,4.207830537917952,4.399465745831962,19.35529884874878,-0.03200734060129446,0.08182676387283615,0.006695619285900882,0.13182271006675694,0.04326909266482518,0.0018722143800372285,1.1972108950430991e-05,0.17911863327026367,0.032083485275506966,0.00047834354336373513,0.12614843249320984,0.01591342873871326,3.1927437641723366,1.8507993561136282,3.4254582565906166
Jocelyn Flores.wav,129.19921875,41736,642.0923076923077,0.3791559934616089,0.3124085664749145,0.0975991189479828,0.539267897605896,0.26171037554740906,0.06849232316017151,0.26868838598399464,0.10554565159517112,0.01113988457064925,9.092082023620604,109.6991729736328,12033.9091796875,-5.4742960929870605,40.94334411621094,1676.3575439453125,-0.008354492485523224,4.558624744415283,20.78106117248535,0.1700257509946823,0.11088618636131288,0.012295746244490148,2727.019458639849,1375.1097125367935,1890926.721513024,2574.163497268869,519.4120718050605,269788.90033682523,21.53087579156434,7.478045127113508,55.921158923146066,5293.7513227433255,2309.482982562249,5333711.646744622,1.7097931459091495,2.293486255439582,5.260079203890276,0.000892309874526398,0.06716870224996994,0.004511634561945117,0.13545987628192724,0.11946510180553828,0.014271910549407619,-1.3368035070016049e-06,0.10400260239839554,0.010816540569067,4.742004421132151e-06,0.15221767127513885,0.023170217871665955,2.9802811791383217,1.4447267506140458,2.0872353839398192
Lean On.wav,99.38401442307692,29674,631.3617021276596,0.4617725312709808,0.2892171442508697,0.08364655077457428,0.4196513295173645,0.2635641098022461,0.06946603953838347,0.2493010174430737,0.14554152684090416,0.021182336035181628,17.52382469177246,137.36106872558594,18868.0625,6.22463846206665,23.722736358642567,562.7681884765625,-0.016529396176338196,2.855462074279785,8.153663635253906,0.27343547344207764,0.1030234470963478,0.010613830760121346,3235.5371399266514,713.4105604920676,508954.62782160594,2812.7220645142042,310.9716355596832,96703.35812266431,21.446665173166195,9.265656443334377,85.85238932590383,6658.218071999566,1065.6247287943622,1135556.062618058,3.388929595793509,4.165835593792518,17.354186194508657,0.01359799537163332,0.12004876318938028,0.014411705543299909,0.1420618771768576,0.061068078028579977,0.003729310154104732,-4.1796127447923936e-07,0.20535846054553986,0.04217209666967392,8.63379318616353e-05,0.15310215950012207,0.023440271615982056,1.8541133786848072,1.088549765115172,1.1849405911322957
Let Her Go.wav,151.9990808823529,47389,649.1643835616437,0.3450074791908264,0.2917977273464203,0.08514592051506042,0.4390219748020172,0.26785072684288025,0.07174400985240936,0.246324896846164,0.15052368095107166,0.02265737852706,17.64888572692871,91.69822692871094,8408.5654296875,5.064931392669678,27.12367820739746,735.6939086914062,0.003332608146592975,1.9820284843444824,3.928436756134033,0.26911306381225586,0.07152792066335678,0.005116243846714497,2090.199373584997,564.8203039096172,319021.9757085525,2469.975870752296,352.9032567946054,124540.70865623925,21.9936520852196,6.61468215757575,43.75402004575098,4647.963561066902,1379.2601465526022,1902358.5518683053,3.2201643852350315,3.554071110799073,12.631421460616558,0.02590863029746681,0.11484496428805364,0.01318936582232432,0.07701956450754642,0.03272881558980023,0.0010711753699111507,2.7400481485528868e-05,0.21854549646377566,0.047762133181095116,0.0007147866417653859,0.11331060528755188,0.012839293107390405,2.352181405895692,1.3055335613744885,1.7044178798751553
Levitating (feat. DaBaby).wav,103.359375,32356,634.4313725490198,0.4644337892532349,0.2845678329467773,0.08097884804010391,0.580064058303833,0.22341413795948029,0.04991387575864792,0.2716940870740228,0.09754822593131393,0.009515656382346664,25.29266166687012,176.67620849609375,31214.48046875,7.451448917388916,21.52001953125,463.1112365722656,0.0015079820295795794,2.2508785724639893,5.0664544105529785,0.3334787487983704,0.08926907926797867,0.007968968711793423,2910.402349133674,661.7655512367287,437933.64480365155,2791.7041927784576,334.576169375831,111941.21311420474,19.71664574634632,7.412958973092791,54.951960736756924,6291.920286952158,1226.7100110877075,1504817.4513028034,4.627707833675843,4.989340053039637,24.89351416486556,-0.0019118940513348191,0.058327685239489724,0.003402118865396988,0.13108272965847526,0.05368157257386871,0.0028817112340035326,-2.8713235224131488e-05,0.23381055891513824,0.05466737970709802,-0.0012638953048735855,0.16519013047218326,0.02728777751326561,2.168743764172336,1.304568884069652,1.7018999732827371
Lyin' Eyes.wav,135.99917763157896,39918,623.71875,0.3865915238857269,0.2790212333202362,0.07785285264253616,0.4597029983997345,0.2501357197761536,0.06256788223981857,0.2570339884690534,0.13140343262268256,0.017266862105023872,7.199702262878418,30.38666534423828,923.3494873046876,2.015676736831665,35.454803466796875,1257.0430908203125,0.0067955800332129,2.682733058929444,7.197057247161865,0.17774023115634918,0.05189354717731477,0.002692940412089229,1864.1964187844271,521.1434302971675,271590.4749418986,1946.2584802633605,418.9627068147233,175529.74970151982,22.291950094625864,8.160001233767549,66.58562013508792,3666.086165011852,1227.3722185059435,1506442.5627602015,2.5504411688477533,2.8520526520990908,8.134204330345456,0.04129170875056589,0.1114258140144834,0.012415712028790249,0.0973614672020124,0.034997954668848134,0.0012248568310027491,-2.4852729438862298e-06,0.14277943968772888,0.020385967567563057,-2.647901601449121e-05,0.0777118131518364,0.0060391263104975215,2.5890249433106574,1.3922972149293584,1.938491534700048
Martin & Gina.wav,92.28515625,28795,625.9782608695652,0.3995797634124756,0.3041236698627472,0.09249120205640793,0.3996919989585877,0.2788321375846863,0.07774735987186432,0.2359084068531805,0.1663747484125147,0.027680556909327563,19.96560859680176,131.48287963867188,17287.748046875,6.124221324920652,36.950904846191406,1365.3695068359375,0.0019051826093345878,4.0219316482543945,16.175935745239258,0.2849257588386536,0.08270653337240219,0.0068403705954551705,2137.838026003054,1216.3444352335166,1479493.7851235424,2459.024687044744,694.1455620449849,481838.06130674796,21.78142394314868,7.0761940376971975,50.072522059141356,4650.438546101006,2509.10548871344,6295610.353491908,2.722663598432841,3.181686755666864,10.123130611185934,-0.04763236675836681,0.14691634161596506,0.021584411433818944,0.07572743324303406,0.0776379471031246,0.006027650830387575,1.1675825589918531e-05,0.24500906467437744,0.060029443353414536,0.0004209926992189138,0.11688157171010972,0.01366130169481039,1.7147936507936508,0.9368402853476718,0.8776697202503072
Mood (feat. Iann dior).wav,184.5703125,57647,640.5222222222222,0.4015846848487854,0.2953811585903168,0.08725003153085709,0.3565453588962555,0.2636624276638031,0.06951787322759627,0.2324204431457713,0.17121352441105994,0.029314070941256636,31.60490608215332,221.9482421875,49261.01953125,6.850401878356934,29.59429168701172,875.8220825195312,0.000590629642829299,2.9646894931793213,8.789383888244629,0.3570342063903809,0.10711507499217987,0.011473639868199824,2096.7402125676335,720.0009593726566,518401.3814975458,2397.065640928105,488.65173273569434,238780.51590559643,21.91549394631976,7.790908841654137,60.69826057896461,4601.755507147349,1723.5459259510098,2970610.5588623243,3.9320802491321083,4.388928569208163,19.26269398561162,0.02160474161561033,0.13800932336617455,0.01904657333598933,0.06720443111455109,0.0402905378226968,0.0016233274380421615,5.982374932500534e-05,0.31269478797912603,0.09777802228927612,0.00011609491048147903,0.14176981151103973,0.02009867876768112,1.8901043083900224,1.066688425279796,1.1378241966258913
New Rules.wav,117.45383522727272,36581,641.7719298245614,0.4910070598125458,0.29063448309898376,0.08446840196847916,0.3381626009941101,0.2596164047718048,0.06740067154169083,0.2283033582636096,0.17666609731041005,0.031210909938891283,27.36056709289551,189.9200439453125,36069.62109375,9.424324989318848,27.99423599243164,783.67724609375,0.003555739298462868,2.498312473297119,6.241564750671388,0.3413890302181244,0.04738493636250496,0.002245332347229123,2252.5870465417033,624.4013912115136,389877.0973468736,2734.9343456843385,387.3419943814852,150033.8206114266,21.490947832709818,8.721266926590621,76.06049680484341,5483.875173090412,1648.6534772656669,2718058.2881001737,3.1119236592022417,3.3656920461857323,11.3278829497579,-0.0006906879361769997,0.14171580908559606,0.0200833705447851,0.05125743759674923,0.026494365277386096,0.0007019513914515621,6.875413964735344e-05,0.30239781737327576,0.09144444763660432,0.0005983741139061749,0.10846605151891707,0.011764883995056152,1.930739229024944,1.0718285541271804,1.148816449442362
Old Town Road - Remix.wav,135.99917763157896,41148,623.4545454545455,0.5583016276359558,0.26602470874786377,0.07076913863420486,0.3481113910675049,0.2747391164302826,0.07548157870769501,0.2239526168015561,0.182149825037162,0.03317855876106872,30.46295928955078,241.43067932128903,58288.76953125,8.571840286254883,31.27115631103516,977.8851928710938,-0.0019336172845214605,4.56407642364502,20.830793380737305,0.35250362753868103,0.10862941294908524,0.01180034875869751,2750.709904929698,1140.2818785325971,1300242.7625098284,2844.624417902253,576.0602155551662,331845.37194546475,21.546757784433673,8.121852098878497,65.96448151605703,5919.872536674004,2277.7803344744143,5188283.252118373,3.1855262978757457,3.741539222500093,13.999115753506606,-0.024836173537794392,0.14231941381380944,0.020254815548306337,0.09136112555630804,0.054621262058652205,0.0029834822688799586,-0.0002433131448924541,0.31397798657417303,0.09858217090368272,-0.0022796085104346275,0.14852456748485565,0.022059546783566475,2.151328798185941,1.2231269528143145,1.4960395427008295
One Kiss.wav,123.046875,34490,605.0877192982456,0.4803966879844666,0.2830846905708313,0.08013694733381271,0.582444965839386,0.214514821767807,0.046016611158847816,0.27378574402788225,0.09151338536210027,0.008374699700432267,32.29996871948242,240.1231384277344,57659.12109375,7.533100128173827,27.944414138793945,780.8903198242188,0.0011344251688569784,4.018541336059569,16.148675918579098,0.3662146329879761,0.10537845641374588,0.011104619130492209,2509.606793382264,1091.0360278517496,1190359.6140705235,2645.3523542024514,638.2556075023012,407370.22050813155,20.49288663067161,7.888316589328602,62.22553861347686,5478.175207557324,2307.032668128505,5322399.731812129,4.063008924421882,4.62560408062671,21.39621311071048,0.0011828700445055186,0.06049470251283485,0.0036596090321163893,0.09450585332817338,0.0619399098290929,0.00383655242963616,0.0029907000716775656,0.265729159116745,0.07061199098825455,0.005260654259473085,0.20918327569961548,0.043757639825344086,1.8924263038548759,1.0394269469234727,1.080408377990652
Paradise.wav,143.5546875,42475,624.6323529411766,0.2994963526725769,0.2843299210071564,0.08084350824356079,0.4046966731548309,0.26223650574684143,0.0687679797410965,0.2350795529007413,0.16754383647666926,0.028070937141320883,14.177291870117188,68.99665069580078,4760.53759765625,6.620321750640869,21.983173370361328,483.2599182128906,-0.004498437978327274,1.5152037143707275,2.295842409133911,0.2524901628494263,0.05715135112404824,0.0032662770245224237,2538.9552531281633,509.19966845274513,259284.30235238554,2534.4701384912746,284.61664722599664,81006.63587816738,20.85104136944804,6.828865211580349,46.63340007793233,5398.100691756966,1034.8144925284093,1070841.0339468294,3.5900350368979637,3.776979709805782,14.265575728284569,0.04991246032878593,0.11591316097985001,0.01343586088834062,0.11635530548568113,0.03547271720825638,0.001258313666136928,1.1053714843001217e-05,0.21576260030269626,0.04655349999666214,4.50321713287849e-05,0.0835999995470047,0.006988960318267345,2.24304761904762,1.2502258406418971,1.5630646526087382
Perfect.wav,95.703125,29736,632.6808510638298,0.37428930401802063,0.29106491804122925,0.08471879363059998,0.3015551269054413,0.276336133480072,0.07636165618896484,0.21248469001540973,0.1954062175121062,0.038183589842388566,20.397357940673828,113.82936096191406,12957.1240234375,6.6933417320251465,30.46438407897949,928.0787353515624,0.00035353671410121024,2.8024942874908447,7.853974342346191,0.29462581872940063,0.06609345227479935,0.004368344321846962,2214.962174436718,967.1323255650597,935344.9351528805,2589.495400264972,508.1970515762432,258264.2432307868,22.15231983962745,6.8195102910979335,46.50572061039062,4993.669803961881,2118.196392613656,4486755.957681505,3.1383869470057304,3.4971554845048685,12.230096482802482,-0.029164895921123063,0.21084462367233534,0.04445545533152871,0.07764389935661764,0.052932077728613865,0.0028018048526680197,-2.300966480106581e-05,0.254545658826828,0.06479349732398987,-0.00018300714145880195,0.09922492504119873,0.00984558556228876,3.6803628117913836,1.896140700420748,3.595349555792083
Photograph.wav,107.666015625,32088,617.0769230769231,0.394406795501709,0.2947393655776977,0.08687129616737366,0.5381969213485718,0.2258388698101044,0.051003195345401764,0.26846607286845103,0.10610985369853686,0.011259301051924896,17.538679122924805,126.99960327148438,16128.8994140625,7.3579607009887695,33.562240600585945,1126.4239501953125,0.005016941111534835,2.6559441089630127,7.054039478302003,0.2612970173358917,0.08069709688425064,0.006512021645903586,1678.3939491531994,567.4432740874313,321991.8693070637,2376.319187086654,458.9025767497152,210591.57494752825,20.009232741997646,6.791616769303776,46.12605834108826,3959.4843908729204,1635.5382840083466,2674985.478456967,2.752630209574292,3.08902925770666,9.54210175496776,-0.0004521715585075004,0.0701850900913649,0.004925946871133007,0.04761233492163313,0.02410205123474916,0.0005809088737224733,-9.984146345232148e-06,0.19181539118289948,0.03679314255714417,9.255990153178571e-05,0.12207552790641785,0.014902435243129732,3.366893424036281,1.8111862315130127,3.2803955652223094
Pressure.wav,184.5703125,52373,608.9883720930233,0.3597470819950104,0.2946179807186127,0.086799755692482,0.4592480957508087,0.27486082911491394,0.07554847002029419,0.2591649294052249,0.12714901769073214,0.016166872699718126,20.428340911865234,145.80690002441406,21259.65234375,2.786907434463501,24.267805099487305,588.9263916015625,-0.0001079421490430832,2.8547074794769287,8.149354934692383,0.290351003408432,0.08934588730335236,0.007982687093317509,2603.802063209327,684.4146888151265,468423.46626590646,2647.9767468223017,373.58645561078833,139566.83981583154,21.24860908987088,6.567602242886434,43.133399220766925,5732.715335054663,1504.7068494285204,2264142.702717104,3.5664664221508127,3.9639800054623966,15.713137483705664,0.0392724165392356,0.10630603073440356,0.011300972170503952,0.10918074569465944,0.05042622877632567,0.0025428045486023338,-1.5632236681994982e-05,0.226925790309906,0.05149531736969948,-7.110270234989001e-05,0.14489081501960754,0.020993350073695183,2.2047346938775507,1.2260812185025485,1.503275154364694
Psychosocial.wav,135.99917763157896,42632,636.2985074626864,0.5091971158981323,0.2565709054470062,0.06582862883806229,0.6199966073036194,0.2001082748174668,0.04004332423210144,0.27922045183820465,0.07327532059706174,0.0053692726086021795,17.382068634033207,77.97993469238281,6080.87060546875,7.583094120025635,21.55816650390625,464.7545776367188,-0.0004686220781877637,1.6634339094161987,2.767012357711792,0.2991880476474762,0.05143474414944649,0.0026455328334122896,2979.4644695172856,404.7643844567309,163834.20692463618,2555.2922044085444,261.57853790760726,68423.33149388152,18.887351971360193,7.978741087011974,63.66030933357301,5858.0562438020015,853.5433719480844,728536.2877965061,5.121946658051165,5.347468075453516,28.595414817994538,0.0022551228528914515,0.05373285189418164,0.002887219372682059,0.17030131337074306,0.03995644592040663,0.0015965175705903794,5.458074156194925e-06,0.1923140734434128,0.03698470443487168,-3.767315502045676e-05,0.14568985998630524,0.02122553437948227,2.3278004535147394,1.3965770041536585,1.950427328530808
Put Your Records On.wav,123.046875,37848,664.0,0.4027350842952728,0.29527100920677185,0.08718497306108475,0.4289455711841583,0.2859967350959778,0.0817941278219223,0.2365827813475219,0.16541439146339104,0.027361920903203968,7.388895511627197,63.6051139831543,4045.610595703125,3.81361985206604,34.987289428710945,1224.1104736328125,-0.007565976120531559,2.846571207046509,8.102968215942383,0.16857081651687622,0.0656411349773407,0.004308758769184351,2422.037404222927,838.7007641971768,703418.9718649278,2671.917336881215,445.34964285055685,198336.30438711846,21.735355540645386,6.9292801622185145,48.014923566515066,5433.158813098636,1846.300535518682,3408825.667456572,1.8143836193942875,2.119660096475241,4.492958924589429,-0.009175217273679785,0.13729721330198036,0.01885052478048949,0.0879106551131966,0.0516988880471407,0.002672775025310788,2.3129764485929627e-06,0.141627237200737,0.020058274269104004,1.556779898237437e-05,0.0775991827249527,0.006021633278578521,1.8738503401360544,1.0137604571233083,1.027710264426859
Ride or Die.wav,103.359375,33000,634.6153846153846,0.3976484537124634,0.2819501757621765,0.07949589937925339,0.5450132489204407,0.252767413854599,0.06389136612415314,0.26552079427314074,0.11327859966425174,0.01283204114189382,26.4246768951416,183.0860137939453,33520.48828125,6.640186786651611,21.12210464477539,446.1432800292969,0.006360518280416727,2.2073132991790767,4.872232437133789,0.3398098647594452,0.08713601529598236,0.007592684589326382,2680.7038233584963,455.9676230303771,207906.47325197206,2647.0242298646153,254.8449555494648,64945.951369008675,20.68537996571121,7.137504972839714,50.94397723731166,5752.0485514826805,966.4979659948981,934118.318272275,4.491925590189512,4.828761945875463,23.316941929934984,0.028638754483432005,0.07882178465686487,0.006212873736493178,0.11373362821691176,0.04335270870962319,0.0018794573524614387,5.466091897687875e-05,0.2622198164463043,0.06875923275947571,0.00038925715489313006,0.1505127102136612,0.022654075175523758,2.122303854875284,1.1365307989223747,1.2917022568991314
Ride.wav,151.9990808823529,47292,639.081081081081,0.3490210175514221,0.3035970628261566,0.09217117726802826,0.3593352437019348,0.2778466641902924,0.07719877362251283,0.2389029448864547,0.1620454141835335,0.026258716257912918,17.112781524658207,92.85706329345705,8622.43359375,3.211377620697021,27.068317413330078,732.6937866210938,-0.012941643595695496,2.474154472351074,6.121440887451173,0.2669581174850464,0.08950820565223694,0.008011718280613422,2657.5313916905748,714.1027606030614,509942.75270091323,2678.0053646586694,437.8476155426168,191710.5344363552,21.003672093471714,7.546564785469536,56.95064006128885,5716.3904337691065,1660.7196353994486,2757989.707401277,3.315453167327316,3.8925728389804672,15.152123306768456,-0.04103205678444466,0.16048565638700274,0.025755645905967118,0.11467088634384676,0.050559640008396335,0.002556277197778632,5.680117828887887e-05,0.2303392440080643,0.05305616557598114,0.000327008543536067,0.1032455563545227,0.010659645311534405,2.7213786848072563,1.3889842269578316,1.9292771827376447
Riptide.wav,135.99917763157896,41434,627.7878787878788,0.3361712396144867,0.30629080533981323,0.09381405264139177,0.4966091811656952,0.2557566165924072,0.06541144102811812,0.2546420046299837,0.1359808178066182,0.01849078281135669,13.114699363708494,85.66669464111328,7338.783203125,3.743386030197144,35.78230285644531,1280.373291015625,0.0018115147249773145,2.52006459236145,6.350725173950195,0.22219714522361755,0.0985836461186409,0.009718735702335836,2275.3690393566612,841.3667164988416,707897.9516320421,2485.0435038299984,492.2352682842266,242295.55934284467,20.43999435662574,6.977644979070287,48.68752945394479,4998.378108824739,1746.655217059262,3050804.4472803376,2.76632924012902,3.377829253951788,11.409730468852494,-0.032433146919092284,0.09737718335095162,0.009482315837364851,0.09502323493130804,0.058255857337211635,0.003393744914093556,2.032058546319604e-06,0.17297689616680145,0.029921006411314014,0.00014232439571060243,0.10490666329860687,0.011005408130586149,1.8819773242630384,1.138973096026985,1.2972597134732955
Rockabye.wav,103.359375,30066,626.375,0.3087279498577118,0.2922574281692505,0.08541440963745117,0.41639643907547,0.2728274166584015,0.074434794485569,0.2406464764127464,0.15944468233046485,0.025422606723462846,15.94200325012207,89.07553100585938,7934.45068359375,3.504502773284912,25.64961051940918,657.9025268554688,-0.002388097811490297,2.571488857269287,6.6125550270080575,0.26398181915283203,0.08986937999725343,0.008076505735516548,3013.769131797011,975.2343690907156,951082.0746557659,2821.243027105138,397.52770834023767,158028.2788982412,21.47197260063305,6.9237908212886525,47.938879336960994,6320.461781032314,1854.830860178411,3440397.519870184,3.3815861553692965,4.012527391954332,16.10037607118383,0.03330881724852509,0.1245312796430436,0.01550803960953392,0.14860152017221362,0.08962284958570496,0.008032255167861895,1.557260111439973e-05,0.2063012421131134,0.04256020486354828,1.551396053400822e-05,0.11942479759454727,0.01426228228956461,1.5255510204081637,0.8658926260985951,0.7497700399319214
Runnin.wav,143.5546875,44054,629.3428571428573,0.6120713949203491,0.24306662380695346,0.05908138677477836,0.392072319984436,0.2687330543994904,0.07221745699644089,0.2405084417798109,0.15965281947394674,0.02548902276598064,43.03780364990234,329.5340881347656,108592.71875,10.111140251159668,33.160552978515625,1099.6221923828123,0.0015926529886201026,4.066786766052246,16.538755416870114,0.4175935685634613,0.11174066364765167,0.012485976330935957,2063.353188550007,934.5485465093241,873380.9857826901,2488.1736582676995,618.8918280067779,383027.09477357107,20.15722717280502,8.085752021671945,65.37938575597195,4728.729739351538,2186.788095737035,4782042.175657206,3.598219350309903,4.220923762076372,17.81619740526095,0.028579694524471243,0.1440065079594338,0.020737874334670458,0.0408168355746904,0.040231824681254816,0.0016185997171832243,-5.544508894672617e-05,0.354131281375885,0.12540896236896515,5.739526750403456e-05,0.18541695177555084,0.034379448741674416,1.6683537414965983,1.0024803650123442,1.0049668822352826
Savage Love.wav,151.9990808823529,43627,614.4647887323944,0.34068503975868225,0.3130365312099457,0.09799186140298843,0.4578614830970764,0.2873586714267731,0.0825750082731247,0.2427565124084908,0.15621334455352906,0.024402609016599592,9.349313735961914,81.91934967041016,6710.779296875,0.8119801878929138,35.56024932861328,1264.5313720703125,-0.00442086486145854,3.850752592086792,14.828295707702635,0.1820283830165863,0.09315959364175797,0.008678710088133812,2536.603478636355,885.0934028842511,783390.3318292231,2651.042256903052,444.8633927448742,197903.43820448013,21.931915404827432,7.5124674104443026,56.43716659298771,5655.915799450949,1787.7090958658114,3195903.811441357,1.9985060140465207,2.602983335260633,6.775522243644569,0.012182242559217798,0.1371039506512272,0.01879749328417414,0.10670986116486067,0.06619046278130013,0.004381177363202677,1.0701260180212557e-06,0.12751825153827667,0.0162609051913023,9.347322702524252e-06,0.12480876594781876,0.0155772278085351,2.736471655328799,1.5074432291990556,2.2723850892580764
Say you Won't Let Go.wav,112.34714673913044,36223,635.4912280701755,0.2918489873409271,0.301357239484787,0.09081617742776872,0.41052868962287903,0.2808537483215332,0.07887883484363556,0.23702003974897906,0.16478723885885618,0.027154834090725718,15.630670547485352,82.11934661865234,6743.5869140625,4.625348091125488,34.805343627929695,1211.411865234375,0.0013207568554207685,2.7049367427825928,7.316683292388916,0.2560975551605225,0.06139104440808296,0.00376886036247015,1873.070153681524,749.5676938324564,561851.727637307,2305.634356197443,502.784992333051,252792.7485153461,22.68582923731157,6.8986170114517575,47.59091667069158,4019.867359078705,1915.6067985230427,3669549.406547698,2.945121544105385,3.1941473133569755,10.202577059425586,-0.0020624243615190033,0.14675511099036312,0.0215370626017938,0.07917563612616099,0.042382529894933234,0.0017962788402949086,4.750174866785528e-06,0.2006503790616989,0.040260575711727135,6.295365892583503e-05,0.11016464233398438,0.0121362479403615,2.316190476190477,1.705866812429489,2.9099815817483456
See You Again.wav,161.4990234375,45450,614.1891891891893,0.4675992131233215,0.29819250106811523,0.0889187753200531,0.3464728891849518,0.27167728543281555,0.07380854338407516,0.2292622821687785,0.17541989427683713,0.03077213930809672,19.759408950805664,135.76718139648438,18432.728515625,7.514432430267334,31.876277923583984,1016.0971069335938,-0.004454988520592451,3.5183238983154297,12.378602981567385,0.2873176038265228,0.07241478562355043,0.005243900697678328,2155.935616663373,861.4178981196216,742040.7952008267,2431.00574480164,477.73540372431717,228231.1159716364,20.533693876527675,8.247430897786549,68.02011641376427,4749.146282562161,1881.694255346077,3540773.270602427,3.1326777808049373,3.6138288848445166,13.059759208936562,-0.000669588381328983,0.15343615892304754,0.02354265486505871,0.06634162454044118,0.047327107973632564,0.0022398551491478753,2.0055849745403967e-06,0.2437792420387268,0.05942831560969353,0.00034866572241298854,0.11684143543243407,0.013651921413838863,1.870367346938776,1.0146741588126065,1.0295636485620705
Shape of You.wav,129.19921875,38290,617.5806451612904,0.3350751996040344,0.30136600136756897,0.09082145988941193,0.4418294727802277,0.253500759601593,0.06426263600587845,0.2576934805965222,0.13010535496813025,0.016927403391383176,25.70395851135254,178.3155059814453,31796.41796875,4.959483623504639,30.11432266235352,906.8723754882812,-0.008609136566519737,3.302035093307495,10.903435707092283,0.31432169675827026,0.12585145235061646,0.015838587656617158,2153.207861434437,861.8815532929158,742839.8119066093,2382.1367395293464,441.80011970507417,195187.34577141792,20.125516477819808,7.188392342280474,51.67298446655655,4537.814227124854,1852.9359595106039,3433371.67004748,3.926220773293111,4.745777050110082,22.522399809351548,-0.01815900447577679,0.09427724106225796,0.008888198182311095,0.08630597849748453,0.053971701297198686,0.0029129445409140395,-4.829037061426789e-05,0.2387683391571045,0.05701032280921936,-0.0005105421296320857,0.16256673634052274,0.026427945122122758,2.316190476190476,1.4741814139249831,2.1732108411618616
SICKO MODE.wav,151.9990808823529,49168,638.5454545454545,0.4393680393695831,0.30044156312942505,0.09026513993740083,0.4483192265033722,0.27248314023017883,0.07424705475568771,0.24531432013859505,0.1521651000337208,0.023154217668272255,30.56591415405273,252.6127014160156,63813.17578125,4.802104473114014,28.01895904541016,785.0620727539062,0.003088369965553284,3.971980810165405,15.776631355285645,0.34258008003234863,0.1497824639081955,0.022434787824749947,3053.888341063808,1160.0854440544865,1345798.2375070949,2918.467775669794,506.2984527490792,256338.1232561116,20.53820248293148,8.12945863726404,66.08809773498689,6659.909728437016,1891.4766343185065,3577683.8581728637,3.4398532284772334,4.16158989915972,17.318830488788215,-0.012338298946107374,0.08837206634949699,0.007809622110879901,0.1240291063999613,0.10044779375598918,0.01008975927044574,-4.091579103260301e-05,0.28348463773727417,0.08036353439092636,0.00020629051141440868,0.18630126118659973,0.034708160907030106,2.7039637188208614,1.4665653320988132,2.1508138733141022
SO DONE.wav,143.5546875,44115,639.3478260869565,0.4034356772899628,0.2918639779090881,0.08518458157777786,0.4858193993568421,0.26433464884758,0.06987281143665314,0.2502488239613848,0.14390573108558669,0.020708859439277187,14.668896675109865,147.927490234375,21882.54296875,7.062427520751952,28.777793884277344,828.161376953125,0.0004529096477199347,3.1092345714569087,9.667339324951172,0.2422608137130737,0.09453090280294416,0.008936092257499695,2293.33836342064,717.7526653333995,515168.8885931989,2468.227951492927,449.4323611344216,201989.44723486115,21.40625786735225,8.506870247678819,72.3668414108431,5026.8279367925215,1640.18263617892,2690199.080022832,3.0004067912156622,3.433089581632033,11.786104075510409,-0.007179246808120238,0.07162330277512874,0.005129897500417765,0.09535505454237617,0.043466674670441886,0.001889351806906035,-0.00018989009549841285,0.19173583388328552,0.03676263242959976,0.00015062515740282834,0.11653291434049605,0.013579919934272766,2.0677369614512457,1.1259517383964914,1.267767317198081
Something Just Like This.wav,103.359375,31058,647.0416666666666,0.4342542588710785,0.2988576889038086,0.08931591361761093,0.4775481522083282,0.2629398703575134,0.06913737207651137,0.2540986186592404,0.13699352294469716,0.018767225328799268,14.409810066223145,157.54710388183594,24821.08984375,3.33362889289856,35.85403823852539,1285.511962890625,-0.013406168669462204,2.279561281204224,5.196399688720703,0.2173614501953125,0.13631880283355713,0.018582815304398537,2506.6580147465565,912.2096593305704,832126.4625759955,2491.8646831837414,594.583585412314,353529.6400417625,21.20555383793786,9.489840440470674,90.05707158559264,5399.875681023848,1861.5817327662176,3465486.547768873,2.600423257781223,3.4650634277533365,12.006664558353698,-0.003227029739637459,0.09624453353512928,0.009263010235394626,0.10345137746710527,0.06639175886560718,0.004407865645268929,8.548566256649792e-06,0.19100193679332733,0.036481741815805435,-0.00021149854001123458,0.11687470227479935,0.013659696094691752,3.3471564625850343,2.0692389985906896,4.281750033288598
Stay Alive.wav,112.34714673913044,34638,629.7818181818183,0.2745192945003509,0.3064564168453217,0.09391553699970244,0.343631386756897,0.2909205257892609,0.08463475108146667,0.22321765894408765,0.18304974752469425,0.0335072100688543,5.029591083526611,32.416717529296875,1050.8436279296877,-6.034283638000487,59.89324569702149,3587.20068359375,-0.0030404732096940283,3.0481662750244136,9.291316986083984,0.13766926527023315,0.049227453768253326,0.0024233420845121145,1562.135842756141,866.1089339780458,750144.6855165869,2143.535137269791,705.6888715841977,497996.78347777814,23.40890236962595,7.857411474692634,61.738915082631436,3661.8361907108647,2414.1848695300505,5828288.584267826,1.183050153175085,1.3933070037229016,1.9413044066232896,0.0071483642473239685,0.17071021457239607,0.029141977359353505,0.04932472063660991,0.0398171521876653,0.0015854056083356993,1.9744095425266997e-06,0.12341862916946413,0.015232157893478869,2.6994677682523616e-05,0.046153496950864785,0.0021301454398781057,1.9876281179138324,1.263993326199078,1.5976791286758092
Stressed Out.wav,172.265625,52972,646.0,0.3734067380428314,0.2992220818996429,0.08953385055065155,0.416890949010849,0.2783007025718689,0.07745128870010376,0.24181528133754465,0.1576664296702931,0.024858703044977483,18.34205436706543,132.61274719238278,17586.140625,4.424317359924316,30.60378456115723,936.5916137695312,-0.008975669741630554,3.4978585243225098,12.235014915466307,0.2734595239162445,0.09428532421588898,0.00888972170650959,2810.155507695797,1260.2288702004155,1588176.8052866159,2790.0814896005354,568.6440685742617,323356.0767246898,21.97144578976745,8.067506235522206,65.08465686018968,6082.496553308823,2200.1867485447187,4840821.728471784,2.908595276171379,3.4501957849927143,11.903850954781491,0.04103761204296918,0.13866506683021929,0.019228000759029185,0.1219622254740712,0.10495796536710644,0.011016174494002714,-1.799100573407486e-05,0.2151954919099808,0.046309102326631546,-0.0005370370345190167,0.12830869853496552,0.01646312326192856,2.2662675736961453,1.4393263068621278,2.071660217625372
Take Me To Church.wav,129.19921875,35734,605.6610169491526,0.3608542382717133,0.28653448820114136,0.08210201561450957,0.42897990345954895,0.2531726062297821,0.0640963688492775,0.24908518488621675,0.14591060277969026,0.02128990400353255,22.249099731445312,92.23529052734376,8507.3486328125,6.19428014755249,34.61734771728516,1198.3607177734375,0.004021497443318367,2.60608434677124,6.791675567626952,0.3121074736118317,0.04012221470475197,0.001609792117960751,1645.721807350148,613.6207248673015,376530.3939866725,2026.3813613175907,545.5149661651997,297586.57831021893,21.387666381780686,7.574698507244519,57.37605747565235,3490.9622239623645,1645.6669622034385,2708219.7504878934,3.9432389464389552,4.0906496086342505,16.73341422061954,0.03124863056611934,0.12829075475446924,0.016458517755471372,0.06910540223490713,0.02802285329527892,0.0007852803068087242,-4.60823684989009e-05,0.2572489380836487,0.06617701053619385,-0.0012190269771963358,0.105475053191185,0.011124986223876476,2.126947845804989,1.4643564573014125,2.1443398340403435
That's it.wav,123.046875,38678,634.0655737704917,0.4216571748256683,0.3045073747634888,0.09272473305463792,0.3233277499675751,0.2776036858558655,0.07706379890441895,0.2207511160421231,0.18601687584595766,0.034602278099490416,27.14538955688477,233.96807861328125,54741.05859375,1.500414252281189,32.65528106689453,1066.367431640625,0.011412160471081734,4.036642074584962,16.294477462768555,0.3056633472442627,0.1612388789653778,0.02599797584116459,2542.9640074959225,1215.3541277884012,1477085.6559323054,2577.561315321157,512.8299845158489,262994.5930185257,20.7125882900078,8.02197303211493,64.3520513279792,5321.476155095056,2205.9340309931654,4866144.949093756,2.9074196307754265,3.684742540029223,13.577327586301012,0.01783352811019287,0.1558646472897586,0.024293788274760853,0.09926735136900154,0.09775485899028576,0.009556012456210657,-0.0005428196745924654,0.2921998202800751,0.08538073301315308,-0.003072682768106461,0.13276202976703644,0.017625756561756134,1.8552743764172333,1.018345254805608,1.0370270579850989
That's What I Like.wav,135.99917763157896,37965,612.3387096774194,0.42312529683113104,0.3057730793952942,0.093497171998024,0.4308342635631561,0.2948594987392425,0.08694212138652803,0.2415523320668157,0.1580689855930509,0.024985804206416138,14.782618522644045,119.5787353515625,14299.07421875,4.961184024810791,27.56141471862793,759.631591796875,0.0014963538851588964,3.6841216087341313,13.572751998901367,0.2431222051382065,0.09636512398719788,0.009286236949265005,2873.300620984659,1012.111514493262,1024369.7177698443,2763.706425797373,380.0828369540604,144462.96294704685,20.69308570292494,7.973965289803607,63.58412244299277,6128.454608740083,1598.6793584903091,2555775.691262985,2.7527812991026024,3.385498114001582,11.461597479908269,-0.03496535796140356,0.15459337665041992,0.0238991121041786,0.12698751632643188,0.09134472466711442,0.008343858724510942,0.0001717062114039436,0.1827688217163086,0.03340444341301918,0.00015961765893734992,0.14091970026493073,0.019858364015817642,2.570448979591837,1.419328156377276,2.014492415485317
Thiking out Loud.wav,184.5703125,55733,655.6823529411764,0.2998815178871155,0.3041226863861084,0.09249060600996016,0.3985347449779511,0.2840774953365326,0.08070001751184464,0.24905693974607426,0.1459588095924795,0.021303974097653687,4.6808929443359375,48.33274459838867,2336.05419921875,-8.863354682922363,41.299949645996094,1705.685791015625,-0.005049223080277443,3.9099609851837163,15.28779411315918,0.12235873937606813,0.08631214499473573,0.007449786178767681,2710.581453339521,1028.6856972138057,1058194.263652253,2355.059554773433,337.14503727163446,113666.77615689179,21.820104924049676,7.692649900711888,59.17686249492259,5109.710768944708,1513.4430350814844,2290509.820436655,1.3859783303245607,1.9387521696258887,3.7587599752290894,-0.0028916736246620165,0.15355517017829556,0.023579190288485315,0.15070581583784828,0.11055405213852364,0.012222198444247405,-1.791093040992564e-06,0.11102786660194396,0.01232718676328659,5.089376372779952e-06,0.06824589520692825,0.00465750228613615,2.4241632653061225,1.6877792649235526,2.848598847105888
This is what you came for .wav,123.046875,36050,611.0169491525422,0.3989107608795166,0.2985634505748749,0.08914013206958771,0.5076523423194885,0.2267080396413803,0.05139653384685517,0.2686930672291668,0.10553373373625984,0.01113736895631579,30.653335571289066,169.235595703125,28640.6875,8.289114952087402,27.176618576049805,738.568603515625,-0.004365789704024793,2.8650131225585938,8.20829963684082,0.3594455420970917,0.08136716485023499,0.006620615255087614,2367.9780560989293,814.8825611727597,664033.5885034765,2671.5179244902465,555.6828608380149,308783.44182912057,19.49552994845037,6.508622285856878,42.36216405995279,5400.859008411136,1935.2260260104968,3745099.771748381,4.337519652520058,4.8765086544273455,23.7803366567048,0.027519207672154992,0.08420568711700879,0.00709059774284758,0.07625350715944272,0.04081758095843667,0.001666074915298532,0.0020899800583720207,0.2756241858005524,0.07596869766712189,0.005345383193343878,0.17758765816688538,0.03153737634420395,2.031746031746032,1.1959178355805808,1.4302194694597414
Tyler Herro.wav,123.046875,38779,657.271186440678,0.44335484504699707,0.29905790090560913,0.0894356220960617,0.4398673474788666,0.2729374170303345,0.07449483126401901,0.2455300772704905,0.1518167134701588,0.02304831448888029,23.14008140563965,238.5639190673828,56912.7421875,4.129720211029054,31.3670654296875,983.892822265625,0.0214324314147234,4.239029407501222,17.969371795654297,0.2802613079547882,0.15802907943725586,0.02497318759560585,2786.932847601281,1233.4374816911384,1521368.021240578,2669.257900994209,563.0486031490748,317023.72950812423,21.476967176360606,7.503857423071129,56.307876225779715,5646.274191085769,2197.000308202406,4826810.354241467,2.84036494915722,3.4840407501545823,12.138539948737705,-0.016741037658345254,0.09666527184075832,0.009344174780047702,0.11533603727263933,0.08243484227486488,0.006795503220881849,1.955893458216451e-05,0.2154819667339325,0.04643248021602631,0.0001133515834226273,0.1724926233291626,0.02975370548665524,2.128108843537415,1.1799821457919526,1.392357864387781
Unforgettable.wav,129.19921875,36975,606.1475409836065,0.43203839659690857,0.288070946931839,0.08298487216234207,0.5252693295478821,0.2679328918457031,0.07178803533315659,0.2565644479415174,0.13231786495329245,0.01750801738579774,19.293292999267575,171.98941040039062,29580.35546875,5.427999973297119,29.83217430114746,889.9586181640625,-0.0030128092039376497,3.1384334564208984,9.849764823913574,0.2763668596744537,0.10917377471923828,0.011918913573026657,2185.934233894455,933.9698436983299,872299.6689378831,2305.821044709541,558.3143764274507,311714.9429255731,20.649867738775352,8.367665920117698,70.01783295069917,4477.806256651509,1993.4655669578246,3973904.966646482,3.5858531143521053,4.049846477282959,16.401256489561195,-0.02611753392696642,0.09924454374553016,0.009849479463258448,0.100529248500387,0.060711951104838735,0.003685941006956329,3.407581607461907e-05,0.17446403205394745,0.03043769858777523,0.0012955667916685345,0.1818341612815857,0.03306366130709648,1.8842993197278912,1.0404580298717283,1.0825529119245585
Uptown Funk.wav,112.34714673913044,36237,647.0892857142858,0.5137155055999756,0.2879420220851898,0.08291061222553253,0.6492187976837158,0.2130216509103775,0.045378223061561584,0.2781664931362755,0.07717989005952071,0.005956735429599704,8.020871162414549,81.96058654785156,6717.5380859375,3.824576616287232,40.881248474121094,1671.2763671875,0.018737688660621643,4.719053745269775,22.26946830749512,0.16967901587486267,0.0946836918592453,0.008965001441538334,2598.5434134884545,964.4602772895604,930183.6264694552,2522.795429469952,412.7498857677082,170362.46820125618,19.199974572295933,8.367589269414697,70.016550181624,5286.276367943354,1877.8022398546216,3526141.2520030355,2.210990710106284,3.0344057889121716,9.207618491783704,0.0038612245475319203,0.04636614206262615,0.00214981912977163,0.12742893467008515,0.07591147468720671,0.005762551989186428,2.150719183191541e-06,0.1043432205915451,0.010887508280575277,0.00018832866044249386,0.12210526317358016,0.01490969583392143,2.732988662131519,1.5835447287233808,2.5076139078676065
WAP (feat. Megan Thee Stallion).wav,135.99917763157896,37189,609.655737704918,0.4601618647575378,0.3025259375572205,0.09152194857597352,0.4586411416530609,0.27748802304267883,0.07699959725141525,0.2529804155862299,0.1390476273193891,0.019334242663151733,17.818458557128906,178.9516143798828,32023.677734375,1.2341451644897459,34.02811813354492,1157.9127197265625,0.019829794764518738,4.4486517906188965,19.790502548217773,0.2430812567472458,0.142743781208992,0.02037578634917736,2577.0160445130505,1070.9071097944902,1146842.0378083885,2634.392871847117,477.1807523032148,227701.47036866203,20.17571471708859,7.383301736538324,54.51314453276984,5464.075292817579,1969.302849956745,3878153.7148477575,2.58807730588218,3.4124071720219122,11.644522707666571,0.002553392753481275,0.1023159105959454,0.010468545561077493,0.1106353854247291,0.09195274041578684,0.008455306469973075,-3.228157368084794e-07,0.1612543910741806,0.026002978906035423,-0.000273630692390725,0.17037759721279144,0.029028525575995445,2.673777777777778,1.2981237082668229,1.685125161964408
Watermelon Sugar.wav,95.703125,26836,596.3555555555556,0.3510478138923645,0.29014453291893005,0.08418385684490204,0.4925187826156616,0.26765796542167664,0.07164078950881958,0.2562168708616982,0.1329896553088743,0.017686248419173198,22.485973358154297,122.64501953125,15041.80078125,4.876412868499756,28.301143646240234,800.9547729492188,-0.012127252295613287,1.9338828325271609,3.7399027347564697,0.3038156032562256,0.09999487549066544,0.00999897439032793,2398.009932627963,733.0533101655792,537367.155544713,2528.1377055410308,459.9575267524758,211560.9264162545,20.47778271126684,7.0476266423049605,49.669041289326714,5305.517918258997,1580.4150239698583,2497711.647989649,4.169808246216307,4.690462363028956,22.00043717899117,0.033992190745555366,0.10970976733473768,0.012036233048642276,0.10943320070626934,0.050150368302335095,0.002515059440859857,-2.447931001370307e-05,0.2224680334329605,0.049492023885250085,-0.0003115240833722055,0.15106824040412906,0.02282161265611649,1.864562358276644,1.0490203989776454,1.1004437974712182
We Dont Talk Anymore.wav,99.38401442307692,30751,627.5714285714286,0.3608825504779816,0.2960156202316284,0.08762524276971817,0.3942742645740509,0.2472217679023743,0.06111860275268555,0.24946139584310065,0.14526646315425046,0.0211023453173452,21.589191436767575,129.25192260742188,16706.060546875,7.005354404449463,32.644912719726555,1065.6904296875,0.002920310711488128,2.8882324695587163,8.341887474060059,0.29376694560050964,0.07981649041175842,0.0063706720247864715,1963.624409314267,594.8183188401347,353808.832427804,2696.441056139652,353.29909325876093,124820.24929746265,20.43978922365866,6.717358964013934,45.122911451418354,4757.104567772833,1743.6118536214813,3040182.296089338,2.9998916551732653,3.418956092590701,11.68926076306308,-0.01694247397824479,0.118880626032123,0.014132603245789478,0.055138366510255415,0.021066916472737826,0.0004438149696693124,4.832898775930517e-05,0.23520903289318085,0.0553232878446579,0.0005347405094653368,0.1283041387796402,0.016461951658129692,1.5870839002267574,0.9498146503357596,0.9021478699924416
Work From Home.wav,103.359375,31715,621.8627450980392,0.4499107897281647,0.2949334979057312,0.0869857594370842,0.3527487516403198,0.28004416823387146,0.07842473685741425,0.2247395738207772,0.18117797132154,0.03282545729218877,19.765268325805664,169.9464569091797,28881.798828125,4.5810818672180185,35.783565521240234,1280.463623046875,-0.0051180999726057035,3.9513552188873287,15.613207817077635,0.2716752886772156,0.1141267865896225,0.013024923391640186,2153.0862189417044,842.6249126999522,710016.7435026023,2543.1748745987547,499.5133419166052,249513.57875269532,20.32718672510855,7.603533664689231,57.813724190062466,4739.579673743469,2020.2517564416614,4081417.159405621,2.8021143837006,3.402080548855738,11.57415206090256,-0.017211636390781028,0.16796335118099948,0.028211687339951764,0.08015144277283281,0.06812862421972148,0.004641509438072019,5.47602621736587e-06,0.25119489431381226,0.06309887766838074,-6.8509107222780585e-06,0.11088049411773684,0.012294484302401544,3.3088435374149663,1.8669839889478383,3.4856292149875827
XO Tour Lif3.wav,151.9990808823529,49189,638.8181818181819,0.4573665857315064,0.3018297851085663,0.09110122174024582,0.3597424626350403,0.2833998203277588,0.08031546324491501,0.2270582974713627,0.1782634648006694,0.0317778628827395,28.730457305908203,227.1582946777344,51600.890625,8.789816856384277,28.52443122863769,813.6431274414062,0.004051391500979662,3.536885499954224,12.50955867767334,0.34665217995643616,0.09206130355596542,0.008475283160805702,2471.369412997756,903.1612802419384,815700.2981282572,2635.954488767057,448.7394929420867,201367.1325259211,22.242629655915295,7.760143321631688,60.21982437226488,5467.516938673084,1873.4599597362176,3509852.2207348295,3.0457421719136253,3.5468081765237782,12.57984824105593,0.036641547795692175,0.1512951288661162,0.02289021601861471,0.06702075875580496,0.04330874918572805,0.0018756477560322995,-2.771844447124749e-05,0.3021368086338043,0.09128665924072266,0.0002522989234421401,0.147980734705925,0.0218982957303524,1.8692063492063489,1.1972921046479874,1.4335083838524074
you broke me first.wav,123.046875,38350,628.688524590164,0.3528105318546295,0.298756867647171,0.0892556682229042,0.29394105076789856,0.2802254855632782,0.0785263255238533,0.204812039618147,0.20343392480308664,0.04138536176078792,13.828035354614258,134.84765625,18183.890625,4.196577072143556,40.782203674316406,1663.188232421875,-0.005318817216902971,3.0734064579010014,9.445826530456543,0.22277076542377472,0.09947284311056136,0.009894846007227898,1712.563832624465,848.0292393986708,719153.5908750885,2222.6129313726333,614.6850260325713,377837.6812286627,21.17313551372301,7.753671826304102,60.119426790022004,3661.252860904847,2094.0176246561905,4384909.812370754,2.3887223212402526,2.726892287579314,7.435941548059545,-0.0071721483749754575,0.2140651956099157,0.04582390797151145,0.060115282749613,0.039649526828716204,0.0015720849777410865,6.129762823547935e-06,0.1899868994951248,0.0360950194299221,-0.00032543859560973937,0.09378070384263992,0.008794819936156273,2.367274376417233,1.4223331050301251,2.0230314616646363
